PRODUCT_CATEGORY,PRODUCT_URL
LOW VOLTAGE PENDANTS,http://www.lbllighting.com/Products/Fixtures/Low-Voltage-Pendants/Adara-Pendant
LOW VOLTAGE PENDANTS,http://www.lbllighting.com/Products/Fixtures/Low-Voltage-Pendants/Mini-Signal-Pendant
LOW VOLTAGE PENDANTS,http://www.lbllighting.com/Products/Fixtures/Low-Voltage-Pendants/Mini-Zuri-Pendant
LOW VOLTAGE PENDANTS,http://www.lbllighting.com/Products/Fixtures/Low-Voltage-Pendants/Sphere-Low-Voltage-Pendant
LOW VOLTAGE PENDANTS,http://www.lbllighting.com/Products/Fixtures/Low-Voltage-Pendants/Trista-Pendant
LOW VOLTAGE PENDANTS,http://www.lbllighting.com/Products/Fixtures/Low-Voltage-Pendants/Dolly-Pendant
LOW VOLTAGE PENDANTS,http://www.lbllighting.com/Products/Fixtures/Low-Voltage-Pendants/Mademoiselle-No.-1-Pendant
LOW VOLTAGE PENDANTS,http://www.lbllighting.com/Products/Fixtures/Low-Voltage-Pendants/Mademoiselle-No.-2-Pendant
LOW VOLTAGE PENDANTS,http://www.lbllighting.com/Products/Fixtures/Low-Voltage-Pendants/Mini-Dia-Pendant
LOW VOLTAGE PENDANTS,http://www.lbllighting.com/Products/Fixtures/Low-Voltage-Pendants/Dia-Pendant
LOW VOLTAGE PENDANTS,http://www.lbllighting.com/Products/Fixtures/Low-Voltage-Pendants/Izzy-Pendant
LOW VOLTAGE PENDANTS,http://www.lbllighting.com/Products/Fixtures/Low-Voltage-Pendants/Mini-Vera-Pendant
LOW VOLTAGE PENDANTS,http://www.lbllighting.com/Products/Fixtures/Low-Voltage-Pendants/Paige-Pendant
LOW VOLTAGE PENDANTS,http://www.lbllighting.com/Products/Fixtures/Low-Voltage-Pendants/Mini-Akari-Pendant
LOW VOLTAGE PENDANTS,http://www.lbllighting.com/Products/Fixtures/Low-Voltage-Pendants/Monaco-Pendant
LOW VOLTAGE PENDANTS,http://www.lbllighting.com/Products/Fixtures/Low-Voltage-Pendants/Corinna-Pendant
LOW VOLTAGE PENDANTS,www.lbllighting.com/Products/Fixtures/Low-Voltage-Pendants/Luxa-Pendant
LOW VOLTAGE PENDANTS,http://www.lbllighting.com/Products/Fixtures/Low-Voltage-Pendants/Arik-Pendant
LOW VOLTAGE PENDANTS,http://www.lbllighting.com/Products/Fixtures/Low-Voltage-Pendants/Vigi-Pendant
LOW VOLTAGE PENDANTS,http://www.lbllighting.com/Products/Fixtures/Low-Voltage-Pendants/Mini-Rhythm-Pendant
LOW VOLTAGE PENDANTS,http://www.lbllighting.com/Products/Fixtures/Low-Voltage-Pendants/Mini-Olivia-Pendant
LOW VOLTAGE PENDANTS,http://www.lbllighting.com/Products/Fixtures/Low-Voltage-Pendants/Bonn-Pendant
LOW VOLTAGE PENDANTS,http://www.lbllighting.com/Products/Fixtures/Low-Voltage-Pendants/Briolette-Pendant
LOW VOLTAGE PENDANTS,http://www.lbllighting.com/Products/Fixtures/Low-Voltage-Pendants/Mini-Isis-Cylinder-Pendant
LOW VOLTAGE PENDANTS,http://www.lbllighting.com/Products/Fixtures/Low-Voltage-Pendants/Mini-Rock-Candy-Cylinder-Pendant
LOW VOLTAGE PENDANTS,http://www.lbllighting.com/Products/Fixtures/Low-Voltage-Pendants/Horizon-Pendant
LOW VOLTAGE PENDANTS,http://www.lbllighting.com/Products/Fixtures/Low-Voltage-Pendants/Zollo-Pendant
LOW VOLTAGE PENDANTS,http://www.lbllighting.com/Products/Fixtures/Low-Voltage-Pendants/Mini-Rock-Candy-Round-Pendant
LOW VOLTAGE PENDANTS,http://www.lbllighting.com/Products/Fixtures/Low-Voltage-Pendants/Chill-Pendant
LOW VOLTAGE PENDANTS,http://www.lbllighting.com/Products/Fixtures/Low-Voltage-Pendants/Mini-Isla-Pendant
LOW VOLTAGE PENDANTS,http://www.lbllighting.com/Products/Fixtures/Low-Voltage-Pendants/Seguro-Pendant
LOW VOLTAGE PENDANTS,http://www.lbllighting.com/Products/Fixtures/Low-Voltage-Pendants/Relic-No.-1-Pendant
LOW VOLTAGE PENDANTS,http://www.lbllighting.com/Products/Fixtures/Low-Voltage-Pendants/Relic-No.-2-Pendant
LOW VOLTAGE PENDANTS,http://www.lbllighting.com/Products/Fixtures/Low-Voltage-Pendants/Cypree-Pendant-Small
LOW VOLTAGE PENDANTS,http://www.lbllighting.com/Products/Fixtures/Low-Voltage-Pendants/Cypree-Pendant-Large
LOW VOLTAGE PENDANTS,http://www.lbllighting.com/Products/Fixtures/Low-Voltage-Pendants/Mini-Pavia-Pendant
LOW VOLTAGE PENDANTS,http://www.lbllighting.com/Products/Fixtures/Low-Voltage-Pendants/Mini-Aiko-Pendant
LOW VOLTAGE PENDANTS,http://www.lbllighting.com/Products/Fixtures/Low-Voltage-Pendants/Mini-Mason-Pendant
LOW VOLTAGE PENDANTS,http://www.lbllighting.com/Products/Fixtures/Low-Voltage-Pendants/Mini-Jasper-Pendant
LOW VOLTAGE PENDANTS,http://www.lbllighting.com/Products/Fixtures/Low-Voltage-Pendants/Cylia-Pendant
LOW VOLTAGE PENDANTS,http://www.lbllighting.com/Products/Fixtures/Low-Voltage-Pendants/Aquarii-Pendant
LOW VOLTAGE PENDANTS,http://www.lbllighting.com/Products/Fixtures/Low-Voltage-Pendants/Emi-Pendant
LOW VOLTAGE PENDANTS,http://www.lbllighting.com/Products/Fixtures/Low-Voltage-Pendants/Rio-Pendant
LOW VOLTAGE PENDANTS,http://www.lbllighting.com/Products/Fixtures/Low-Voltage-Pendants/Mini-Dahling-Pendant
LOW VOLTAGE PENDANTS,http://www.lbllighting.com/Products/Fixtures/Low-Voltage-Pendants/Dahling-Pendant
LOW VOLTAGE PENDANTS,http://www.lbllighting.com/Products/Fixtures/Low-Voltage-Pendants/Mini-Springview-Pendant
LOW VOLTAGE PENDANTS,http://www.lbllighting.com/Products/Fixtures/Low-Voltage-Pendants/Springview-Pendant
LOW VOLTAGE PENDANTS,http://www.lbllighting.com/Products/Fixtures/Low-Voltage-Pendants/Lily-Pendant
LOW VOLTAGE PENDANTS,http://www.lbllighting.com/Products/Fixtures/Low-Voltage-Pendants/Mini-Lily-Pendant
LOW VOLTAGE PENDANTS,http://www.lbllighting.com/Products/Fixtures/Low-Voltage-Pendants/Neutron-Pendant
LOW VOLTAGE PENDANTS,http://www.lbllighting.com/Products/Fixtures/Low-Voltage-Pendants/Top-SI-Coax-Pendant
LOW VOLTAGE PENDANTS,http://www.lbllighting.com/Products/Fixtures/Low-Voltage-Pendants/Rocks-Pendant
LOW VOLTAGE PENDANTS,http://www.lbllighting.com/Products/Fixtures/Low-Voltage-Pendants/Bling-Pendant
LOW VOLTAGE PENDANTS,http://www.lbllighting.com/Products/Fixtures/Low-Voltage-Pendants/Dimensions-Pendant
LOW VOLTAGE PENDANTS,http://www.lbllighting.com/Products/Fixtures/Low-Voltage-Pendants/Vision-Pendant
LOW VOLTAGE PENDANTS,http://www.lbllighting.com/Products/Fixtures/Low-Voltage-Pendants/Celeste-Pendant
LOW VOLTAGE PENDANTS,http://www.lbllighting.com/Products/Fixtures/Low-Voltage-Pendants/Icicle-Pendant
LOW VOLTAGE PENDANTS,http://www.lbllighting.com/Products/Fixtures/Low-Voltage-Pendants/Sam-Pendant
LOW VOLTAGE PENDANTS,http://www.lbllighting.com/Products/Fixtures/Low-Voltage-Pendants/Renee-I-Pendant
LOW VOLTAGE PENDANTS,http://www.lbllighting.com/Products/Fixtures/Low-Voltage-Pendants/Tubular-Pendant
LOW VOLTAGE PENDANTS,http://www.lbllighting.com/Products/Fixtures/Low-Voltage-Pendants/Rachel-Pendant
LOW VOLTAGE PENDANTS,http://www.lbllighting.com/Products/Fixtures/Low-Voltage-Pendants/Coliseum-Pendant
LOW VOLTAGE PENDANTS,http://www.lbllighting.com/Products/Fixtures/Low-Voltage-Pendants/Flute-Pendant
LOW VOLTAGE PENDANTS,http://www.lbllighting.com/Products/Fixtures/Low-Voltage-Pendants/Onyx-Cone-Pendant
LOW VOLTAGE PENDANTS,http://www.lbllighting.com/Products/Fixtures/Low-Voltage-Pendants/Onyx-Cylinder-Pendant
LOW VOLTAGE PENDANTS,http://www.lbllighting.com/Products/Fixtures/Low-Voltage-Pendants/Onyx-Dome-Pendant
LOW VOLTAGE PENDANTS,http://www.lbllighting.com/Products/Fixtures/Low-Voltage-Pendants/Onyx-Teardrop-Pendant
LOW VOLTAGE PENDANTS,http://www.lbllighting.com/Products/Fixtures/Low-Voltage-Pendants/Banja-Pendant
LOW VOLTAGE PENDANTS,http://www.lbllighting.com/Products/Fixtures/Low-Voltage-Pendants/Tear-SI-Coax-Pendant
LOW VOLTAGE PENDANTS,http://www.lbllighting.com/Products/Fixtures/Low-Voltage-Pendants/Tear-SII-Coax-Pendant
LOW VOLTAGE PENDANTS,http://www.lbllighting.com/Products/Fixtures/Low-Voltage-Pendants/Sophia-Coax-Pendant
LOW VOLTAGE PENDANTS,http://www.lbllighting.com/Products/Fixtures/Low-Voltage-Pendants/Orbit-Pendant
LOW VOLTAGE PENDANTS,http://www.lbllighting.com/Products/Fixtures/Low-Voltage-Pendants/Mini-Dome-II-Pendant
LOW VOLTAGE PENDANTS,http://www.lbllighting.com/Products/Fixtures/Low-Voltage-Pendants/Dome-SI-Coax-Pendant
LOW VOLTAGE PENDANTS,http://www.lbllighting.com/Products/Fixtures/Low-Voltage-Pendants/Mango-Nuage-Coax
LOW VOLTAGE PENDANTS,http://www.lbllighting.com/Products/Fixtures/Low-Voltage-Pendants/Mini-Indulgent-Pendant
LOW VOLTAGE PENDANTS,http://www.lbllighting.com/Products/Fixtures/Low-Voltage-Pendants/Paperweight-Pendant
LOW VOLTAGE PENDANTS,http://www.lbllighting.com/Products/Fixtures/Low-Voltage-Pendants/Bulle-Pendant
LOW VOLTAGE PENDANTS,http://www.lbllighting.com/Products/Fixtures/Low-Voltage-Pendants/Mini-Veneto-Pendant
LOW VOLTAGE PENDANTS,http://www.lbllighting.com/Products/Fixtures/Low-Voltage-Pendants/Jelly-Pendant
LOW VOLTAGE PENDANTS,http://www.lbllighting.com/Products/Fixtures/Low-Voltage-Pendants/Neptune-I-Pendant
LOW VOLTAGE PENDANTS,http://www.lbllighting.com/Products/Fixtures/Low-Voltage-Pendants/Mini-Monty-Pendant
LOW VOLTAGE PENDANTS,http://www.lbllighting.com/Products/Fixtures/Low-Voltage-Pendants/Cone-III-Pendant
LOW VOLTAGE PENDANTS,http://www.lbllighting.com/Products/Fixtures/Low-Voltage-Pendants/Finestra-Pendant
LOW VOLTAGE PENDANTS,http://www.lbllighting.com/Products/Fixtures/Low-Voltage-Pendants/Max-Pendant
LOW VOLTAGE PENDANTS,http://www.lbllighting.com/Products/Fixtures/Low-Voltage-Pendants/Abbey-Pendant
LOW VOLTAGE PENDANTS,http://www.lbllighting.com/Products/Fixtures/Low-Voltage-Pendants/Madeleine-Pendant
LOW VOLTAGE PENDANTS,http://www.lbllighting.com/Products/Fixtures/Low-Voltage-Pendants/Flow-Pendant
LOW VOLTAGE PENDANTS,http://www.lbllighting.com/Products/Fixtures/Low-Voltage-Pendants/Vortex-Pendant
LOW VOLTAGE PENDANTS,http://www.lbllighting.com/Products/Fixtures/Low-Voltage-Pendants/Gelato-Pendant
LOW VOLTAGE PENDANTS,http://www.lbllighting.com/Products/Fixtures/Low-Voltage-Pendants/Ooni-Pendant
LOW VOLTAGE PENDANTS,http://www.lbllighting.com/Products/Fixtures/Low-Voltage-Pendants/Crystal-Ball-Pendant
LOW VOLTAGE PENDANTS,http://www.lbllighting.com/Products/Fixtures/Low-Voltage-Pendants/Rocket-Pendant
LOW VOLTAGE PENDANTS,http://www.lbllighting.com/Products/Fixtures/Low-Voltage-Pendants/Hover-Pendant
LOW VOLTAGE PENDANTS,http://www.lbllighting.com/Products/Fixtures/Low-Voltage-Pendants/Fiona-Pendant
LOW VOLTAGE PENDANTS,http://www.lbllighting.com/Products/Fixtures/Low-Voltage-Pendants/Tube-1-Pendant
LOW VOLTAGE PENDANTS,http://www.lbllighting.com/Products/Fixtures/Low-Voltage-Pendants/Tube-2-Pendant
LOW VOLTAGE PENDANTS,http://www.lbllighting.com/Products/Fixtures/Low-Voltage-Pendants/Tube-3-Pendant
LOW VOLTAGE PENDANTS,http://www.lbllighting.com/Products/Fixtures/Low-Voltage-Pendants/Lexum-Pendant
LINE VOLTAGE PENDANTS,http://www.lbllighting.com/Products/Fixtures/Line-Voltage-Pendants/Amphora-Pendant
LINE VOLTAGE PENDANTS,http://www.lbllighting.com/Products/Fixtures/Line-Voltage-Pendants/Dolly-Grande-Pendant
LINE VOLTAGE PENDANTS,http://www.lbllighting.com/Products/Fixtures/Line-Voltage-Pendants/Erlen-Pendant
LINE VOLTAGE PENDANTS,http://www.lbllighting.com/Products/Fixtures/Line-Voltage-Pendants/Loft-Grande-Pendant
LINE VOLTAGE PENDANTS,http://www.lbllighting.com/Products/Fixtures/Line-Voltage-Pendants/Loft-Pendant
LINE VOLTAGE PENDANTS,http://www.lbllighting.com/Products/Fixtures/Line-Voltage-Pendants/Malka-Bowl-Pendant
LINE VOLTAGE PENDANTS,http://www.lbllighting.com/Products/Fixtures/Line-Voltage-Pendants/Malka-Grande-Pendant
LINE VOLTAGE PENDANTS,http://www.lbllighting.com/Products/Fixtures/Line-Voltage-Pendants/Malka-Pendant
LINE VOLTAGE PENDANTS,http://www.lbllighting.com/Products/Fixtures/Line-Voltage-Pendants/Mekanic-Pendant
LINE VOLTAGE PENDANTS,http://www.lbllighting.com/Products/Fixtures/Line-Voltage-Pendants/Signal-Grande-Pendant
LINE VOLTAGE PENDANTS,http://www.lbllighting.com/Products/Fixtures/Line-Voltage-Pendants/Signal-Pendant
LINE VOLTAGE PENDANTS,http://www.lbllighting.com/Products/Fixtures/Line-Voltage-Pendants/Sphere-Line-Voltage-Pendant
LINE VOLTAGE PENDANTS,http://www.lbllighting.com/Products/Fixtures/Line-Voltage-Pendants/Trista-Grande-Pendant
LINE VOLTAGE PENDANTS,http://www.lbllighting.com/Products/Fixtures/Line-Voltage-Pendants/Varia-Pendant
LINE VOLTAGE PENDANTS,http://www.lbllighting.com/Products/Fixtures/Line-Voltage-Pendants/Kendall-Pendant
LINE VOLTAGE PENDANTS,http://www.lbllighting.com/Products/Fixtures/Line-Voltage-Pendants/Milo-Suspension
LINE VOLTAGE PENDANTS,http://www.lbllighting.com/Products/Fixtures/Line-Voltage-Pendants/Mezzo-Pendant
LINE VOLTAGE PENDANTS,http://www.lbllighting.com/Products/Fixtures/Line-Voltage-Pendants/Rhythm-Suspension
LINE VOLTAGE PENDANTS,http://www.lbllighting.com/Products/Fixtures/Line-Voltage-Pendants/Mezzo-Grande-Pendant
LINE VOLTAGE PENDANTS,http://www.lbllighting.com/Products/Fixtures/Line-Voltage-Pendants/Linnet-Pendant-A
LINE VOLTAGE PENDANTS,http://www.lbllighting.com/Products/Fixtures/Line-Voltage-Pendants/Linnet-Pendant-B
LINE VOLTAGE PENDANTS,http://www.lbllighting.com/Products/Fixtures/Line-Voltage-Pendants/Linnet-Pendant-C
LINE VOLTAGE PENDANTS,http://www.lbllighting.com/Products/Fixtures/Line-Voltage-Pendants/Isla-Pendant
LINE VOLTAGE PENDANTS,http://www.lbllighting.com/Products/Fixtures/Line-Voltage-Pendants/Mason-Classic-Pendant
LINE VOLTAGE PENDANTS,http://www.lbllighting.com/Products/Fixtures/Line-Voltage-Pendants/Mason-Pendant
LINE VOLTAGE PENDANTS,http://www.lbllighting.com/Products/Fixtures/Line-Voltage-Pendants/Aiko-Pendant
LINE VOLTAGE PENDANTS,http://www.lbllighting.com/Products/Fixtures/Line-Voltage-Pendants/Olivia-Pendant
LINE VOLTAGE PENDANTS,http://www.lbllighting.com/Products/Fixtures/Line-Voltage-Pendants/Zuri-Pendant
LINE VOLTAGE PENDANTS,http://www.lbllighting.com/Products/Fixtures/Line-Voltage-Pendants/Vera-Pendant
LINE VOLTAGE PENDANTS,http://www.lbllighting.com/Products/Fixtures/Line-Voltage-Pendants/Tindra-Pendant
LINE VOLTAGE PENDANTS,http://www.lbllighting.com/Products/Fixtures/Line-Voltage-Pendants/Akari-Pendant
LINE VOLTAGE PENDANTS,http://www.lbllighting.com/Products/Fixtures/Line-Voltage-Pendants/Isis-Pendant
LINE VOLTAGE PENDANTS,http://www.lbllighting.com/Products/Fixtures/Line-Voltage-Pendants/Rock-Candy-Cylinder-Pendant
LINE VOLTAGE PENDANTS,http://www.lbllighting.com/Products/Fixtures/Line-Voltage-Pendants/Miyu-Classic-Pendant
LINE VOLTAGE PENDANTS,http://www.lbllighting.com/Products/Fixtures/Line-Voltage-Pendants/Miyu-Pendant
LINE VOLTAGE PENDANTS,http://www.lbllighting.com/Products/Fixtures/Line-Voltage-Pendants/Sora-Pendant
LINE VOLTAGE PENDANTS,http://www.lbllighting.com/Products/Fixtures/Line-Voltage-Pendants/Julep-Pendant
LINE VOLTAGE PENDANTS,http://www.lbllighting.com/Products/Fixtures/Line-Voltage-Pendants/Pavia-Line-Voltage-Pendant
LINE VOLTAGE PENDANTS,http://www.lbllighting.com/Products/Fixtures/Line-Voltage-Pendants/Rhythm-Pendant
LINE VOLTAGE PENDANTS,http://www.lbllighting.com/Products/Fixtures/Line-Voltage-Pendants/Juniper-Line-Voltage-Pendant
LINE VOLTAGE PENDANTS,http://www.lbllighting.com/Products/Fixtures/Line-Voltage-Pendants/Icicle-II-Line-Voltage-Pendant
LINE VOLTAGE PENDANTS,http://www.lbllighting.com/Products/Fixtures/Line-Voltage-Pendants/Dahling-Grande-Pendant
LINE VOLTAGE PENDANTS,http://www.lbllighting.com/Products/Fixtures/Line-Voltage-Pendants/Indulgent-Pendant
LINE VOLTAGE PENDANTS,http://www.lbllighting.com/Products/Fixtures/Line-Voltage-Pendants/Monty-Line-Voltage-Pendant
LINE VOLTAGE PENDANTS,http://www.lbllighting.com/Products/Fixtures/Line-Voltage-Pendants/Abbey-Grande-Pendant
LINE VOLTAGE PENDANTS,http://www.lbllighting.com/Products/Fixtures/Line-Voltage-Pendants/Dome-S-I-Grande-Line-Voltage-Pendant
LINE VOLTAGE PENDANTS,http://www.lbllighting.com/Products/Fixtures/Line-Voltage-Pendants/Kona-II-Line-Voltage-Pendant
LINE VOLTAGE PENDANTS,http://www.lbllighting.com/Products/Fixtures/Line-Voltage-Pendants/Drop-Line-Voltage-Pendant
LINE VOLTAGE PENDANTS,http://www.lbllighting.com/Products/Fixtures/Line-Voltage-Pendants/Perf-Line-Voltage-Pendant
LINE VOLTAGE PENDANTS,http://www.lbllighting.com/Products/Fixtures/Line-Voltage-Pendants/Canopy-Goof-Ring
SUSPENSION,http://www.lbllighting.com/Products/Fixtures/Suspension/Arka-Linear-Suspension
SUSPENSION,http://www.lbllighting.com/Products/Fixtures/Suspension/Interlace-18-Suspension
SUSPENSION,http://www.lbllighting.com/Products/Fixtures/Suspension/Interlace-Suspension
SUSPENSION,http://www.lbllighting.com/Products/Fixtures/Suspension/Interlace-45-Suspension
SUSPENSION,http://www.lbllighting.com/Products/Fixtures/Suspension/Ortex-Linear-Suspension
SUSPENSION,http://www.lbllighting.com/Products/Fixtures/Suspension/Sphere-3-Light-Chandelier
SUSPENSION,http://www.lbllighting.com/Products/Fixtures/Suspension/Sphere-7-Light-Chandelier
SUSPENSION,http://www.lbllighting.com/Products/Fixtures/Suspension/Sphere-11-Light-Chandelier
SUSPENSION,http://www.lbllighting.com/Products/Fixtures/Suspension/Spindrift-Pendant
SUSPENSION,http://www.lbllighting.com/Products/Fixtures/Suspension/Xterna-Linear-Suspension
SUSPENSION,http://www.lbllighting.com/Products/Fixtures/Suspension/Vera-Suspension
SUSPENSION,http://www.lbllighting.com/Products/Fixtures/Suspension/East-River-Suspension
SUSPENSION,http://www.lbllighting.com/Products/Fixtures/Suspension/Calix-7-Light-Suspension
SUSPENSION,http://www.lbllighting.com/Products/Fixtures/Suspension/Vitre-Suspension-Rectangle
SUSPENSION,http://www.lbllighting.com/Products/Fixtures/Suspension/Vitre-Suspension-Square
SUSPENSION,http://www.lbllighting.com/Products/Fixtures/Suspension/Questa-Suspension
SUSPENSION,http://www.lbllighting.com/Products/Fixtures/Suspension/Mademoiselle-Suspension
SUSPENSION,http://www.lbllighting.com/Products/Fixtures/Suspension/Twilight-Glass
SUSPENSION,http://www.lbllighting.com/Products/Fixtures/Suspension/Bling-Chandelier
SUSPENSION,http://www.lbllighting.com/Products/Fixtures/Suspension/Constellation-Grande-Suspension
SUSPENSION,http://www.lbllighting.com/Products/Fixtures/Suspension/Constellation-Chandelier
SUSPENSION,http://www.lbllighting.com/Products/Fixtures/Suspension/Duke-Suspension
SUSPENSION,http://www.lbllighting.com/Products/Fixtures/Suspension/Duke-Grande-Suspension
SUSPENSION,http://www.lbllighting.com/Products/Fixtures/Suspension/Mezzo-3-Light-Suspension
SUSPENSION,http://www.lbllighting.com/Products/Fixtures/Suspension/Tessa-6-Light-Suspension
SUSPENSION,http://www.lbllighting.com/Products/Fixtures/Suspension/Tessa-8-Light-Suspension
SUSPENSION,http://www.lbllighting.com/Products/Fixtures/Suspension/Rock-Candy-5-Light-Chandelier
SUSPENSION,http://www.lbllighting.com/Products/Fixtures/Suspension/Rock-Candy-8-Light-Chandelier
SUSPENSION,http://www.lbllighting.com/Products/Fixtures/Suspension/Roka-Suspension
SUSPENSION,http://www.lbllighting.com/Products/Fixtures/Suspension/Scarlett-Suspension
SUSPENSION,http://www.lbllighting.com/Products/Fixtures/Suspension/Derby-Rectangular-Suspension
SUSPENSION,http://www.lbllighting.com/Products/Fixtures/Suspension/Fiona-Grande-Suspension
SUSPENSION,http://www.lbllighting.com/Products/Fixtures/Suspension/Cato-Suspension
SUSPENSION,http://www.lbllighting.com/Products/Fixtures/Suspension/Chicago-Jazz-Suspension
SUSPENSION,http://www.lbllighting.com/Products/Fixtures/Suspension/Ambra-Suspension
SUSPENSION,http://www.lbllighting.com/Products/Fixtures/Suspension/Veneto-Suspension
SUSPENSION,http://www.lbllighting.com/Products/Fixtures/Suspension/Veneto-Grande-Suspension
SUSPENSION,http://www.lbllighting.com/Products/Fixtures/Suspension/Veneto-Venti-Suspension
SUSPENSION,http://www.lbllighting.com/Products/Fixtures/Suspension/Twilight-12-Chandelier
SUSPENSION,http://www.lbllighting.com/Products/Fixtures/Suspension/Twilight-20-Chandelier
SUSPENSION,http://www.lbllighting.com/Products/Fixtures/Suspension/Batons-Chandelier
SUSPENSION,http://www.lbllighting.com/Products/Fixtures/Suspension/Tubes-7-Line-Voltage-Pendant
SUSPENSION,http://www.lbllighting.com/Products/Fixtures/Suspension/Fusion-Jack-Wood-Canopy-11-Light-Round
SUSPENSION,http://www.lbllighting.com/Products/Fixtures/Suspension/Fusion-Jack-Wood-Canopy-7-Light-Rectangle
SUSPENSION,http://www.lbllighting.com/Products/Fixtures/Suspension/Fusion-Jack-Wood-Canopy-7-Light-Rectangle-LED
SUSPENSION,http://www.lbllighting.com/Products/Fixtures/Suspension/Fusion-Jack-Wood-Canopy-11-Light-Round-LED
LOW VOLTAGE HEADS,http://www.lbllighting.com/Products/Fixtures/Low-Voltage-Heads/Auri-Head
LOW VOLTAGE HEADS,http://www.lbllighting.com/Products/Fixtures/Low-Voltage-Heads/Swing-Head
LOW VOLTAGE HEADS,http://www.lbllighting.com/Products/Fixtures/Low-Voltage-Heads/Vent-Head
LOW VOLTAGE HEADS,http://www.lbllighting.com/Products/Fixtures/Low-Voltage-Heads/Modo-Head
LOW VOLTAGE HEADS,http://www.lbllighting.com/Products/Fixtures/Low-Voltage-Heads/Merlino-Swivel-II-Head
LOW VOLTAGE HEADS,http://www.lbllighting.com/Products/Fixtures/Low-Voltage-Heads/Bare-Head-Swivel-II-Head
LOW VOLTAGE HEADS,http://www.lbllighting.com/Products/Fixtures/Low-Voltage-Heads/Twin-Spot-Swivel-Head
LOW VOLTAGE HEADS,http://www.lbllighting.com/Products/Fixtures/Low-Voltage-Heads/Shield-Swivel-I-Head
LOW VOLTAGE HEADS,http://www.lbllighting.com/Products/Fixtures/Low-Voltage-Heads/Bare-Head-Swivel-I-Head
LOW VOLTAGE HEADS,http://www.lbllighting.com/Products/Fixtures/Low-Voltage-Heads/Orbit-Swivel-I-Head
LOW VOLTAGE HEADS,http://www.lbllighting.com/Products/Fixtures/Low-Voltage-Heads/Rev-Swivel-Head
LOW VOLTAGE HEADS,http://www.lbllighting.com/Products/Fixtures/Low-Voltage-Heads/Mini-Dome-I-Swivel-I-Head
LOW VOLTAGE HEADS,http://www.lbllighting.com/Products/Fixtures/Low-Voltage-Heads/Apex-Swivel-Head
LOW VOLTAGE HEADS,http://www.lbllighting.com/Products/Fixtures/Low-Voltage-Heads/Bare-Head-Apollo-Swivel-I-Head
LOW VOLTAGE HEADS,http://www.lbllighting.com/Products/Fixtures/Low-Voltage-Heads/Puck-Swivel-Head
LOW VOLTAGE HEADS,http://www.lbllighting.com/Products/Fixtures/Low-Voltage-Heads/Twin-Tube-Monorail-Bath-Kit-Head
MONORAIL CHANDELIERS,http://www.lbllighting.com/Products/Fixtures/Monorail-Chandeliers/Monorail-Chandelier-Single-Tier-Round-Remote-Transformer
MONORAIL CHANDELIERS,http://www.lbllighting.com/Products/Fixtures/Monorail-Chandeliers/Monorail-Chandelier-Single-Tier-Round-Surface-Transformer
MONORAIL CHANDELIERS,http://www.lbllighting.com/Products/Fixtures/Monorail-Chandeliers/Dimensions-Chandelier-Head
MONORAIL CHANDELIERS,http://www.lbllighting.com/Products/Fixtures/Monorail-Chandeliers/Vision-Chandelier-Head
MONORAIL CHANDELIERS,http://www.lbllighting.com/Products/Fixtures/Monorail-Chandeliers/Icicle-Chandelier-Head
MONORAIL CHANDELIERS,http://www.lbllighting.com/Products/Fixtures/Monorail-Chandeliers/Mini-Dome-II-Twin-Chandelier-Head
MONORAIL CHANDELIERS,http://www.lbllighting.com/Products/Fixtures/Monorail-Chandeliers/Mini-Dome-II-Chandelier-Head
MONORAIL CHANDELIERS,http://www.lbllighting.com/Products/Fixtures/Monorail-Chandeliers/Onyx-Cylinder-Chandelier-Head
MONORAIL CHANDELIERS,http://www.lbllighting.com/Products/Fixtures/Monorail-Chandeliers/Onyx-Dome-Chandelier-Head
MONORAIL CHANDELIERS,http://www.lbllighting.com/Products/Fixtures/Monorail-Chandeliers/Onyx-Teardrop-Chandelier-Head
MONORAIL CHANDELIERS,http://www.lbllighting.com/Products/Fixtures/Monorail-Chandeliers/Twin-Tube-Chandelier-Head
MULTI PORT CANOPIES,http://www.lbllighting.com/Products/Fixtures/Multi-Port-Canopies/Fusion-Jack-Canopy-3-Light-Rectangle-Long
MULTI PORT CANOPIES,http://www.lbllighting.com/Products/Fixtures/Multi-Port-Canopies/Fusion-Jack-Canopy-3-Light-Rectangle-Long-LED
MULTI PORT CANOPIES,http://www.lbllighting.com/Products/Fixtures/Multi-Port-Canopies/Fusion-Jack-Wood-Canopy-11-Light-Round
MULTI PORT CANOPIES,http://www.lbllighting.com/Products/Fixtures/Multi-Port-Canopies/Fusion-Jack-Wood-Canopy-7-Light-Rectangle
MULTI PORT CANOPIES,http://www.lbllighting.com/Products/Fixtures/Multi-Port-Canopies/Fusion-Jack-Wood-Canopy-7-Light-Rectangle-LED
MULTI PORT CANOPIES,http://www.lbllighting.com/Products/Fixtures/Multi-Port-Canopies/120v-Canopy-5-Light-Round
MULTI PORT CANOPIES,http://www.lbllighting.com/Products/Fixtures/Multi-Port-Canopies/Fusion-Jack-Wood-Canopy-11-Light-Round-LED
MULTI PORT CANOPIES,http://www.lbllighting.com/Products/Fixtures/Multi-Port-Canopies/120V-Canopy-3-Light-Round
MULTI PORT CANOPIES,http://www.lbllighting.com/Products/Fixtures/Multi-Port-Canopies/120v-Canopy-20-3-Light-Round
FLUSH MOUNTS,http://www.lbllighting.com/Products/Fixtures/Flush-Mounts/Anella-Flush-Mount
FLUSH MOUNTS,http://www.lbllighting.com/Products/Fixtures/Flush-Mounts/Flection-Flush-Mount
FLUSH MOUNTS,http://www.lbllighting.com/Products/Fixtures/Flush-Mounts/Precip-Flush-Mount
FLUSH MOUNTS,http://www.lbllighting.com/Products/Fixtures/Flush-Mounts/Vantra-Flush-Mount
FLUSH MOUNTS,http://www.lbllighting.com/Products/Fixtures/Flush-Mounts/Vessa-Flush-Mount
FLUSH MOUNTS,http://www.lbllighting.com/Products/Fixtures/Flush-Mounts/Zahra-10-Flush-Mount
FLUSH MOUNTS,http://www.lbllighting.com/Products/Fixtures/Flush-Mounts/Zahra-17-Flush-Mount
FLUSH MOUNTS,http://www.lbllighting.com/Products/Fixtures/Flush-Mounts/Zahra-20-Flush-Mount
FLUSH MOUNTS,http://www.lbllighting.com/Products/Fixtures/Flush-Mounts/Moon-Dance-Outdoor-Flush-Mount
FLUSH MOUNTS,http://www.lbllighting.com/Products/Fixtures/Flush-Mounts/Vera-Flush-Mount
FLUSH MOUNTS,http://www.lbllighting.com/Products/Fixtures/Flush-Mounts/Fiona-18-Flush-Mount
FLUSH MOUNTS,http://www.lbllighting.com/Products/Fixtures/Flush-Mounts/Veneto-Ceiling
FLUSH MOUNTS,http://www.lbllighting.com/Products/Fixtures/Flush-Mounts/Veneto-Grande-Ceiling
FLUSH MOUNTS,http://www.lbllighting.com/Products/Fixtures/Flush-Mounts/Veneto-Venti-Ceiling
WALL,http://www.lbllighting.com/Products/Fixtures/Wall/Flection-Wall
WALL,http://www.lbllighting.com/Products/Fixtures/Wall/Kenton-Wall
WALL,http://www.lbllighting.com/Products/Fixtures/Wall/Louver-Horizontal-LED-Step-Light
WALL,http://www.lbllighting.com/Products/Fixtures/Wall/Louver-Vertical-LED-Step-Light
WALL,http://www.lbllighting.com/Products/Fixtures/Wall/Seam-Vertical-LED-Step-Light
WALL,http://www.lbllighting.com/Products/Fixtures/Wall/Tarpa-Horizontal-LED-Step-Light
WALL,http://www.lbllighting.com/Products/Fixtures/Wall/Tarpa-Vertical-LED-Step-Light
WALL,http://www.lbllighting.com/Products/Fixtures/Wall/Tartan-Horizontal-LED-Step-Light
WALL,http://www.lbllighting.com/Products/Fixtures/Wall/Tracery-Horizontal-LED-Step-Light
WALL,http://www.lbllighting.com/Products/Fixtures/Wall/Vantra-Flush-Mount
WALL,http://www.lbllighting.com/Products/Fixtures/Wall/Vitra-Horizontal-LED-Step-Light
WALL,http://www.lbllighting.com/Products/Fixtures/Wall/Vitra-Vertical-LED-Step-Light
WALL,http://www.lbllighting.com/Products/Fixtures/Wall/Clifton-Wall
WALL,http://www.lbllighting.com/Products/Fixtures/Wall/Siena-Wall
WALL,http://www.lbllighting.com/Products/Fixtures/Wall/Ensu-Wall
WALL,http://www.lbllighting.com/Products/Fixtures/Wall/Dolly-Wall
WALL,http://www.lbllighting.com/Products/Fixtures/Wall/Hanna-Wall
WALL,http://www.lbllighting.com/Products/Fixtures/Wall/Camelot-Wall
WALL,http://www.lbllighting.com/Products/Fixtures/Wall/East-River-Outdoor
WALL,http://www.lbllighting.com/Products/Fixtures/Wall/Mademoiselle-Wall
WALL,http://www.lbllighting.com/Products/Fixtures/Wall/Ashland-Wall
WALL,http://www.lbllighting.com/Products/Fixtures/Wall/Tessa-Wall
WALL,http://www.lbllighting.com/Products/Fixtures/Wall/Rami-Wall
WALL,http://www.lbllighting.com/Products/Fixtures/Wall/Mini-Isis-Cylinder-Wall
WALL,http://www.lbllighting.com/Products/Fixtures/Wall/Mini-Rock-Candy-Cylinder-Wall
WALL,http://www.lbllighting.com/Products/Fixtures/Wall/Dahling-Wall
WALL,http://www.lbllighting.com/Products/Fixtures/Wall/Omni-With-Cover-Small-Wall
WALL,http://www.lbllighting.com/Products/Fixtures/Wall/Omni-With-Cover-Medium-Wall
WALL,http://www.lbllighting.com/Products/Fixtures/Wall/Pavia-Wall
WALL,http://www.lbllighting.com/Products/Fixtures/Wall/Onyx-Dome-Wall
WALL,http://www.lbllighting.com/Products/Fixtures/Wall/Onyx-Cylinder-Wall
WALL,http://www.lbllighting.com/Products/Fixtures/Wall/Onyx-Teardrop-Wall
WALL,http://www.lbllighting.com/Products/Fixtures/Wall/Kett-Wall
WALL,http://www.lbllighting.com/Products/Fixtures/Wall/Showtime-Wall
WALL,http://www.lbllighting.com/Products/Fixtures/Wall/Juniper-Wall
WALL,http://www.lbllighting.com/Products/Fixtures/Wall/Casino-One-Wall
WALL,http://www.lbllighting.com/Products/Fixtures/Wall/Casino-Two-Wall
WALL,http://www.lbllighting.com/Products/Fixtures/Wall/Top-Wall
WALL,http://www.lbllighting.com/Products/Fixtures/Wall/Top-Wall-II
WALL,http://www.lbllighting.com/Products/Fixtures/Wall/Icicle-Wall
WALL,http://www.lbllighting.com/Products/Fixtures/Wall/Linear-Wall
WALL,http://www.lbllighting.com/Products/Fixtures/Wall/Max-Wall
WALL,http://www.lbllighting.com/Products/Fixtures/Wall/Monty-Wall
WALL,http://www.lbllighting.com/Products/Fixtures/Wall/Presidio-Wall
WALL,http://www.lbllighting.com/Products/Fixtures/Wall/Fiona-Wall
WALL,http://www.lbllighting.com/Products/Fixtures/Wall/Derby-Wall
WALL,http://www.lbllighting.com/Products/Fixtures/Wall/Tulip-Wall
WALL,http://www.lbllighting.com/Products/Fixtures/Wall/Teardrop-Wall
WALL,http://www.lbllighting.com/Products/Fixtures/Wall/Athena-Wall
WALL,http://www.lbllighting.com/Products/Fixtures/Wall/Eclipse-Wall
WALL,http://www.lbllighting.com/Products/Fixtures/Wall/Vision-Wall
WALL,http://www.lbllighting.com/Products/Fixtures/Wall/Mono-Arc-Wall
WALL,http://www.lbllighting.com/Products/Fixtures/Wall/Galleria-Shield-Wall
WALL,http://www.lbllighting.com/Products/Fixtures/Wall/Mono-Tel-Wall
BATH,http://www.lbllighting.com/Products/Fixtures/Bath/Denton-24-Bath
BATH,http://www.lbllighting.com/Products/Fixtures/Bath/Denton-48-Bath
BATH,http://www.lbllighting.com/Products/Fixtures/Bath/Vertura-24-Bath
BATH,http://www.lbllighting.com/Products/Fixtures/Bath/Vertura-36-Bath
BATH,http://www.lbllighting.com/Products/Fixtures/Bath/Rania-Bath
BATH,http://www.lbllighting.com/Products/Fixtures/Bath/Alban-Bath
BATH,http://www.lbllighting.com/Products/Fixtures/Bath/Dover-Bath
BATH,http://www.lbllighting.com/Products/Fixtures/Bath/Lola-2-Light-Bath
BATH,http://www.lbllighting.com/Products/Fixtures/Bath/Lola-Bath
BATH,http://www.lbllighting.com/Products/Fixtures/Bath/Zanz-3-Light-Bath
BATH,http://www.lbllighting.com/Products/Fixtures/Bath/Final-Call-Medium-Bath
BATH,http://www.lbllighting.com/Products/Fixtures/Bath/Mia-Bath
BATH,http://www.lbllighting.com/Products/Fixtures/Bath/Rock-Candy-3-Light-Bath
BATH,http://www.lbllighting.com/Products/Fixtures/Bath/Kett-3-Light-Bath
BATH,http://www.lbllighting.com/Products/Fixtures/Bath/Kett-5-Light-Bath
BATH,http://www.lbllighting.com/Products/Fixtures/Bath/Oliver-3-Light-Bath
BATH,http://www.lbllighting.com/Products/Fixtures/Bath/Oliver-5-Light-Bath
BATH,http://www.lbllighting.com/Products/Fixtures/Bath/Monorail-Bath-Kit-Twin-Tube
BATH,http://www.lbllighting.com/Products/Fixtures/Bath/Linea-Bath
OUTDOOR,http://www.lbllighting.com/Products/Fixtures/Outdoor/Avela-Outdoor
OUTDOOR,http://www.lbllighting.com/Products/Fixtures/Outdoor/Louver-Horizontal-LED-Step-Light
OUTDOOR,http://www.lbllighting.com/Products/Fixtures/Outdoor/Louver-Vertical-LED-Step-Light
OUTDOOR,http://www.lbllighting.com/Products/Fixtures/Outdoor/Seam-Vertical-LED-Step-Light
OUTDOOR,http://www.lbllighting.com/Products/Fixtures/Outdoor/Tarpa-Horizontal-LED-Step-Light
OUTDOOR,http://www.lbllighting.com/Products/Fixtures/Outdoor/Tarpa-Vertical-LED-Step-Light
OUTDOOR,http://www.lbllighting.com/Products/Fixtures/Outdoor/Tartan-Horizontal-LED-Step-Light
OUTDOOR,http://www.lbllighting.com/Products/Fixtures/Outdoor/Tracery-Horizontal-LED-Step-Light
OUTDOOR,http://www.lbllighting.com/Products/Fixtures/Outdoor/Vitra-Horizontal-LED-Step-Light
OUTDOOR,http://www.lbllighting.com/Products/Fixtures/Outdoor/Vitra-Vertical-LED-Step-Light
OUTDOOR,http://www.lbllighting.com/Products/Fixtures/Outdoor/Moon-Dance-13-Outdoor
OUTDOOR,http://www.lbllighting.com/Products/Fixtures/Outdoor/Moon-Dance-Outdoor-Flush-Mount
OUTDOOR,http://www.lbllighting.com/Products/Fixtures/Outdoor/Moon-Dance-18-Outdoor
OUTDOOR,http://www.lbllighting.com/Products/Fixtures/Outdoor/Hunter-10-Outdoor
OUTDOOR,http://www.lbllighting.com/Products/Fixtures/Outdoor/Hunter-24-Outdoor
OUTDOOR,http://www.lbllighting.com/Products/Fixtures/Outdoor/Windfall-Outdoor
OUTDOOR,http://www.lbllighting.com/Products/Fixtures/Outdoor/East-River-Outdoor
OUTDOOR,http://www.lbllighting.com/Products/Fixtures/Outdoor/Henry-12-Outdoor
OUTDOOR,http://www.lbllighting.com/Products/Fixtures/Outdoor/Henry-18-Outdoor
OUTDOOR,http://www.lbllighting.com/Products/Fixtures/Outdoor/Aviva-14-Outdoor
OUTDOOR,http://www.lbllighting.com/Products/Fixtures/Outdoor/Aviva-26-Outdoor
OUTDOOR,http://www.lbllighting.com/Products/Fixtures/Outdoor/Upstate-11-Outdoor
OUTDOOR,http://www.lbllighting.com/Products/Fixtures/Outdoor/Upstate-18-Outdoor
OUTDOOR,http://www.lbllighting.com/Products/Fixtures/Outdoor/Upstate-28-Outdoor
OUTDOOR,http://www.lbllighting.com/Products/Fixtures/Outdoor/Pier-60-Outdoor
OUTDOOR,http://www.lbllighting.com/Products/Fixtures/Outdoor/Pier-60-Medium-Outdoor
OUTDOOR,http://www.lbllighting.com/Products/Fixtures/Outdoor/Pier-60-Large-Outdoor
OUTDOOR,http://www.lbllighting.com/Products/Fixtures/Outdoor/Modular-New-York-Small-Outdoor
OUTDOOR,http://www.lbllighting.com/Products/Fixtures/Outdoor/Modular-New-York-Medium-Outdoor
OUTDOOR,http://www.lbllighting.com/Products/Fixtures/Outdoor/Modular-New-York-Large-Outdoor
OUTDOOR,http://www.lbllighting.com/Products/Fixtures/Outdoor/Modular-Industrial-Small-Outdoor
OUTDOOR,http://www.lbllighting.com/Products/Fixtures/Outdoor/Modular-Industrial-Medium-Outdoor
OUTDOOR,http://www.lbllighting.com/Products/Fixtures/Outdoor/Modular-Industrial-Large-Outdoor
OUTDOOR,http://www.lbllighting.com/Products/Fixtures/Outdoor/Modular-Tubular-Small-Outdoor
OUTDOOR,http://www.lbllighting.com/Products/Fixtures/Outdoor/Modular-Tubular-Medium-Outdoor
OUTDOOR,http://www.lbllighting.com/Products/Fixtures/Outdoor/Modular-Tubular-Large-Outdoor
OUTDOOR,http://www.lbllighting.com/Products/Fixtures/Outdoor/Modular-Industrial-Small-Outdoor
OUTDOOR,http://www.lbllighting.com/Products/Fixtures/Outdoor/Modular-Industrial-Medium-Outdoor
OUTDOOR,http://www.lbllighting.com/Products/Fixtures/Outdoor/Modular-Industrial-Large-Outdoor
OUTDOOR,http://www.lbllighting.com/Products/Fixtures/Outdoor/Modular-Tubular-Small-Outdoor
OUTDOOR,http://www.lbllighting.com/Products/Fixtures/Outdoor/Modular-Tubular-Medium-Outdoor
OUTDOOR,http://www.lbllighting.com/Products/Fixtures/Outdoor/Modular-Tubular-Large-Outdoor
OUTDOOR,http://www.lbllighting.com/Products/Fixtures/Outdoor/Omni-With-Cover-Small-Outdoor
OUTDOOR,http://www.lbllighting.com/Products/Fixtures/Outdoor/Omni-With-Cover-Medium-Outdoor
OUTDOOR,http://www.lbllighting.com/Products/Fixtures/Outdoor/Omni-Small-Outdoor
OUTDOOR,http://www.lbllighting.com/Products/Fixtures/Outdoor/Omni-Medium-Outdoor
OUTDOOR,http://www.lbllighting.com/Products/Fixtures/Outdoor/Tav-14-Outdoor
OUTDOOR,http://www.lbllighting.com/Products/Fixtures/Outdoor/Tav-18-Outdoor
OUTDOOR,http://www.lbllighting.com/Products/Fixtures/Outdoor/Moi-11-Outdoor
OUTDOOR,http://www.lbllighting.com/Products/Fixtures/Outdoor/Moi-18-Outdoor
OUTDOOR,http://www.lbllighting.com/Products/Fixtures/Outdoor/Raven-12-Outdoor
OUTDOOR,http://www.lbllighting.com/Products/Fixtures/Outdoor/Raven-18-Outdoor
OUTDOOR,http://www.lbllighting.com/Products/Fixtures/Outdoor/Uptown-Small-Outdoor
OUTDOOR,http://www.lbllighting.com/Products/Fixtures/Outdoor/Uptown-Large-Outdoor
OUTDOOR,http://www.lbllighting.com/Products/Fixtures/Outdoor/Boardwalk-Large-Outdoor
OUTDOOR,http://www.lbllighting.com/Products/Fixtures/Outdoor/Tara-15-Outdoor
OUTDOOR,http://www.lbllighting.com/Products/Fixtures/Outdoor/Tara-18-Outdoor
OUTDOOR,http://www.lbllighting.com/Products/Fixtures/Outdoor/Palm-Lane-Small-Outdoor
OUTDOOR,http://www.lbllighting.com/Products/Fixtures/Outdoor/Palm-Lane-Large-Outdoor
OUTDOOR,http://www.lbllighting.com/Products/Fixtures/Outdoor/Nikko
OUTDOOR,http://www.lbllighting.com/Products/Fixtures/Outdoor/Nikko-Visa
OUTDOOR,http://www.lbllighting.com/Products/Fixtures/Outdoor/Nikko-G
OUTDOOR,http://www.lbllighting.com/Products/Fixtures/Outdoor/Nikko-Grille
OUTDOOR,http://www.lbllighting.com/Products/Fixtures/Outdoor/Clipper-G
OUTDOOR,http://www.lbllighting.com/Products/Fixtures/Outdoor/Superdelta-Tondo
OUTDOOR,http://www.lbllighting.com/Products/Fixtures/Outdoor/Presidio-Wet
OUTDOOR,http://www.lbllighting.com/Products/Fixtures/Outdoor/Eclipse-Outdoor
OUTDOOR,http://www.lbllighting.com/Products/Fixtures/Outdoor/Visir-20
OUTDOOR,http://www.lbllighting.com/Products/Fixtures/Outdoor/Visir-30
MONORAIL,http://www.lbllighting.com/Products/Fixtures/Monorail/Masonary-Screw
MONORAIL,http://www.lbllighting.com/Products/Fixtures/Monorail/Monorail-2.75-Round-Canopy
MONORAIL,http://www.lbllighting.com/Products/Fixtures/Monorail/Monorail-2.75-Round-Direct-End-Canopy
MONORAIL,http://www.lbllighting.com/Products/Fixtures/Monorail/Monorail-2.75-Round-Direct-Feed-Canopy
MONORAIL,http://www.lbllighting.com/Products/Fixtures/Monorail/Monorail-4-Round-Canopy
MONORAIL,http://www.lbllighting.com/Products/Fixtures/Monorail/Monorail-4-Round-Direct-Feed-Canopy
MONORAIL,http://www.lbllighting.com/Products/Fixtures/Monorail/Monorail-4-Round-Direct-Feed-Dual-Feed-Canopy
MONORAIL,http://www.lbllighting.com/Products/Fixtures/Monorail/Monorail-4-Round-Dual-Feed-Canopy
MONORAIL,http://www.lbllighting.com/Products/Fixtures/Monorail/Monorail-4-Round-Flexible-End-Feed-Canopy
MONORAIL,http://www.lbllighting.com/Products/Fixtures/Monorail/Monorail-Adjustable-Angle-Connectors
MONORAIL,http://www.lbllighting.com/Products/Fixtures/Monorail/Monorail-Adjustable-Cable-Standoff
MONORAIL,http://www.lbllighting.com/Products/Fixtures/Monorail/Monorail-Adjustable-Vertical-Connector
MONORAIL,http://www.lbllighting.com/Products/Fixtures/Monorail/Monorail-Circle
MONORAIL,http://www.lbllighting.com/Products/Fixtures/Monorail/Monorail-Circle-Kit
MONORAIL,http://www.lbllighting.com/Products/Fixtures/Monorail/Monorail-Curve
MONORAIL,http://www.lbllighting.com/Products/Fixtures/Monorail/Monorail-Direct-Feed-Flush-Electronic-Transformer-60w-120v-12v-LED
MONORAIL,http://www.lbllighting.com/Products/Fixtures/Monorail/Monorail-Direct-Feed-Flush-Electronic-Transformer-60w-277v-12v-LED
MONORAIL,http://www.lbllighting.com/Products/Fixtures/Monorail/Monorail-Direct-Feed-Standoff-for-Canopy
MONORAIL,http://www.lbllighting.com/Products/Fixtures/Monorail/Monorail-Direct-Feed-Standoff-for-Mini-Transformer
MONORAIL,http://www.lbllighting.com/Products/Fixtures/Monorail/Monorail-Direct-Feed-Standoff-for-Pass-Through-Transformer
MONORAIL,http://www.lbllighting.com/Products/Fixtures/Monorail/Monorail-Direct-Feed-Standoff-for-Surface-Transformer
MONORAIL,http://www.lbllighting.com/Products/Fixtures/Monorail/Monorail-Direct-Feed-Surface-Electronic-Transformer-100w-120v-12v-LED
MONORAIL,http://www.lbllighting.com/Products/Fixtures/Monorail/Monorail-Direct-Feed-Surface-Electronic-Transformer-100w-277v-12v-LED
MONORAIL,http://www.lbllighting.com/Products/Fixtures/Monorail/Monorail-Direct-Feed-Surface-Electronic-Transformer-150-w-120v-12v
MONORAIL,http://www.lbllighting.com/Products/Fixtures/Monorail/Monorail-Direct-Feed-Surface-Electronic-Transformer-300-w-120v-12v
MONORAIL,http://www.lbllighting.com/Products/Fixtures/Monorail/Monorail-Direct-Feed-Surface-Electronic-Transformer-60w-120v-12v-LED
MONORAIL,http://www.lbllighting.com/Products/Fixtures/Monorail/Monorail-Direct-Feed-Surface-Electronic-Transformer-60w-277v-12v-LED
MONORAIL,http://www.lbllighting.com/Products/Fixtures/Monorail/Monorail-Direct-Feed-Surface-Magnetic-Transformer-150w-120v-12v
MONORAIL,http://www.lbllighting.com/Products/Fixtures/Monorail/Monorail-Direct-Feed-Surface-Magnetic-Transformer-300w-120v-12v
MONORAIL,http://www.lbllighting.com/Products/Fixtures/Monorail/Monorail-Direct-Feed-Surface-Magnetic-Transformer-300w-120v-24v
MONORAIL,http://www.lbllighting.com/Products/Fixtures/Monorail/Monorail-Direct-Feed-Surface-Magnetic-Transformer-600w-120v-12v
MONORAIL,http://www.lbllighting.com/Products/Fixtures/Monorail/Monorail-Direct-Feed-Surface-Magnetic-Transformer-600w-120v-24v
MONORAIL,http://www.lbllighting.com/Products/Fixtures/Monorail/Monorail-Direct-Feed-Surface-Magnetic-Transformer-75w-120v-12v-LED
MONORAIL,http://www.lbllighting.com/Products/Fixtures/Monorail/Monorail-Direct-Feed-Surface-Magnetic-Transformer-75w-277v-12v-LED
MONORAIL,http://www.lbllighting.com/Products/Fixtures/Monorail/Monorail-Element-Adapter
MONORAIL,http://www.lbllighting.com/Products/Fixtures/Monorail/Monorail-End-Caps-4-pc-set
MONORAIL,http://www.lbllighting.com/Products/Fixtures/Monorail/Monorail-Isolating-Connector
MONORAIL,http://www.lbllighting.com/Products/Fixtures/Monorail/Monorail-Mini-Direct-Feed-Surface-Electronic-Transformer-300w-120v-12v
MONORAIL,http://www.lbllighting.com/Products/Fixtures/Monorail/Monorail-Pass-Through-Direct-Feed-Surface-Electronic-Transformer-300w-120v-12v
MONORAIL,http://www.lbllighting.com/Products/Fixtures/Monorail/Monorail-Rail
MONORAIL,http://www.lbllighting.com/Products/Fixtures/Monorail/Monorail-Remodel-Recessed-Electronic-Transformer-150w-120v-12v
MONORAIL,http://www.lbllighting.com/Products/Fixtures/Monorail/Monorail-Remodel-Recessed-Electronic-Transformer-300w-120v-12v
MONORAIL,http://www.lbllighting.com/Products/Fixtures/Monorail/Monorail-Remote-Electronic-Transformer-150w-120v-12v-DC
MONORAIL,http://www.lbllighting.com/Products/Fixtures/Monorail/Monorail-Remote-Electronic-Transformer-150w-120v-12v-LED
MONORAIL,http://www.lbllighting.com/Products/Fixtures/Monorail/Monorail-Remote-Electronic-Transformer-300w-120v-12v-DC
MONORAIL,http://www.lbllighting.com/Products/Fixtures/Monorail/Monorail-Remote-Electronic-Transformer-300w-120v-12v-LED
MONORAIL,http://www.lbllighting.com/Products/Fixtures/Monorail/Monorail-Remote-Electronic-Transformer-60w-120v-12v-LED
MONORAIL,http://www.lbllighting.com/Products/Fixtures/Monorail/Monorail-Remote-Magnetic-Transformer-150w-120v-12v
MONORAIL,http://www.lbllighting.com/Products/Fixtures/Monorail/Monorail-Remote-Magnetic-Transformer-150w-277v-12v
MONORAIL,http://www.lbllighting.com/Products/Fixtures/Monorail/Monorail-Remote-Magnetic-Transformer-300w-120v-12v
MONORAIL,http://www.lbllighting.com/Products/Fixtures/Monorail/Monorail-Remote-Magnetic-Transformer-300w-120v-24v
MONORAIL,http://www.lbllighting.com/Products/Fixtures/Monorail/Monorail-Remote-Magnetic-Transformer-300w-277v-12v
MONORAIL,http://www.lbllighting.com/Products/Fixtures/Monorail/Monorail-Remote-Magnetic-Transformer-600w-120v-12v
MONORAIL,http://www.lbllighting.com/Products/Fixtures/Monorail/Monorail-Remote-Magnetic-Transformer-600w-120v-24v
MONORAIL,http://www.lbllighting.com/Products/Fixtures/Monorail/Monorail-Remote-Magnetic-Transformer-600w-277v-12v
MONORAIL,http://www.lbllighting.com/Products/Fixtures/Monorail/Monorail-Remote-Magnetic-Transformer-75w-120v-12v
MONORAIL,http://www.lbllighting.com/Products/Fixtures/Monorail/Monorail-Remote-Magnetic-Transformer-75w-277v-12v
MONORAIL,http://www.lbllighting.com/Products/Fixtures/Monorail/Monorail-Soft-Curve-Kit
MONORAIL,http://www.lbllighting.com/Products/Fixtures/Monorail/Monorail-Spiral
MONORAIL,http://www.lbllighting.com/Products/Fixtures/Monorail/Monorail-Straight-Conductive-Connectors
MONORAIL,http://www.lbllighting.com/Products/Fixtures/Monorail/Monorail-Straight-Kit
MONORAIL,http://www.lbllighting.com/Products/Fixtures/Monorail/Monorail-Surface-Electronic-Transformer-100w-120v-12v-LED
MONORAIL,http://www.lbllighting.com/Products/Fixtures/Monorail/Monorail-Surface-Electronic-Transformer-100w-277v-12v-LED
MONORAIL,http://www.lbllighting.com/Products/Fixtures/Monorail/Monorail-Surface-Electronic-Transformer-150w-120v-12v
MONORAIL,http://www.lbllighting.com/Products/Fixtures/Monorail/Monorail-Surface-Electronic-Transformer-300w-120v-12v
MONORAIL,http://www.lbllighting.com/Products/Fixtures/Monorail/Monorail-Surface-Electronic-Transformer-60w-120v-12v-LED
MONORAIL,http://www.lbllighting.com/Products/Fixtures/Monorail/Monorail-Surface-Electronic-Transformer-60w-277v-12v-LED
MONORAIL,http://www.lbllighting.com/Products/Fixtures/Monorail/Monorail-Surface-Magnetic-Transformer-150w-120v-12v
MONORAIL,http://www.lbllighting.com/Products/Fixtures/Monorail/Monorail-Surface-Magnetic-Transformer-300w-120v-12v
MONORAIL,http://www.lbllighting.com/Products/Fixtures/Monorail/Monorail-Surface-Magnetic-Transformer-300w-120v-24v
MONORAIL,http://www.lbllighting.com/Products/Fixtures/Monorail/Monorail-Surface-Magnetic-Transformer-300w-277v-12v
MONORAIL,http://www.lbllighting.com/Products/Fixtures/Monorail/Monorail-Surface-Magnetic-Transformer-600w-120v-12v
MONORAIL,http://www.lbllighting.com/Products/Fixtures/Monorail/Monorail-Surface-Magnetic-Transformer-600w-120v-24v
MONORAIL,http://www.lbllighting.com/Products/Fixtures/Monorail/Monorail-Surface-Magnetic-Transformer-600w-277v-12v
MONORAIL,http://www.lbllighting.com/Products/Fixtures/Monorail/Monorail-Surface-Magnetic-Transformer-75w-120v-12v-LED
MONORAIL,http://www.lbllighting.com/Products/Fixtures/Monorail/Monorail-Surface-Magnetic-Transformer-75w-277v-12v-LED
MONORAIL,http://www.lbllighting.com/Products/Fixtures/Monorail/Monorail-T-Conductive-Connectors
MONORAIL,http://www.lbllighting.com/Products/Fixtures/Monorail/Monorail-Telescoping-Rigid-Standoff
MONORAIL,http://www.lbllighting.com/Products/Fixtures/Monorail/Monorail-X-Conductive-Connectors
MONORAIL,http://www.lbllighting.com/Products/Fixtures/Monorail/Standoff-Ball-Joint-Assembly
MONORAIL,http://www.lbllighting.com/Products/Fixtures/Monorail/T-Grid-Clip
MONORAIL LOW-VOLTAGE PENDANTS,http://www.lbllighting.com/Products/Fixtures/Monorail/Adara-Pendant
MONORAIL LOW-VOLTAGE PENDANTS,http://www.lbllighting.com/Products/Fixtures/Monorail/Mini-Signal-Pendant
MONORAIL LOW-VOLTAGE PENDANTS,http://www.lbllighting.com/Products/Fixtures/Monorail/Mini-Zuri-Pendant
MONORAIL LOW-VOLTAGE PENDANTS,http://www.lbllighting.com/Products/Fixtures/Monorail/Sphere-Low-Voltage-Pendant
MONORAIL LOW-VOLTAGE PENDANTS,http://www.lbllighting.com/Products/Fixtures/Monorail/Trista-Pendant
MONORAIL LOW-VOLTAGE PENDANTS,http://www.lbllighting.com/Products/Fixtures/Monorail/Dolly-Pendant
MONORAIL LOW-VOLTAGE PENDANTS,http://www.lbllighting.com/Products/Fixtures/Monorail/Mademoiselle-No.-1-Pendant
MONORAIL LOW-VOLTAGE PENDANTS,http://www.lbllighting.com/Products/Fixtures/Monorail/Mademoiselle-No.-2-Pendant
MONORAIL LOW-VOLTAGE PENDANTS,http://www.lbllighting.com/Products/Fixtures/Monorail/Mini-Dia-Pendant
MONORAIL LOW-VOLTAGE PENDANTS,http://www.lbllighting.com/Products/Fixtures/Monorail/Dia-Pendant
MONORAIL LOW-VOLTAGE PENDANTS,http://www.lbllighting.com/Products/Fixtures/Monorail/Izzy-Pendant
MONORAIL LOW-VOLTAGE PENDANTS,http://www.lbllighting.com/Products/Fixtures/Monorail/Mini-Vera-Pendant
MONORAIL LOW-VOLTAGE PENDANTS,http://www.lbllighting.com/Products/Fixtures/Monorail/Paige-Pendant
MONORAIL LOW-VOLTAGE PENDANTS,http://www.lbllighting.com/Products/Fixtures/Monorail/Mini-Akari-Pendant
MONORAIL LOW-VOLTAGE PENDANTS,http://www.lbllighting.com/Products/Fixtures/Monorail/Monaco-Pendant
MONORAIL LOW-VOLTAGE PENDANTS,http://www.lbllighting.com/Products/Fixtures/Monorail/Corinna-Pendant
MONORAIL LOW-VOLTAGE PENDANTS,http://www.lbllighting.com/Products/Fixtures/Monorail/Luxa-Pendant
MONORAIL LOW-VOLTAGE PENDANTS,http://www.lbllighting.com/Products/Fixtures/Monorail/Lexum-Pendant
MONORAIL LOW-VOLTAGE PENDANTS,http://www.lbllighting.com/Products/Fixtures/Monorail/Vigi-Pendant
MONORAIL LOW-VOLTAGE PENDANTS,http://www.lbllighting.com/Products/Fixtures/Monorail/Arik-Pendant
MONORAIL LOW-VOLTAGE PENDANTS,http://www.lbllighting.com/Products/Fixtures/Monorail/Mini-Rhythm-Pendant
MONORAIL LOW-VOLTAGE PENDANTS,http://www.lbllighting.com/Products/Fixtures/Monorail/Mini-Olivia-Pendant
MONORAIL LOW-VOLTAGE PENDANTS,http://www.lbllighting.com/Products/Fixtures/Monorail/Bonn-Pendant
MONORAIL LOW-VOLTAGE PENDANTS,http://www.lbllighting.com/Products/Fixtures/Monorail/Briolette-Pendant
MONORAIL LOW-VOLTAGE PENDANTS,http://www.lbllighting.com/Products/Fixtures/Monorail/Mini-Isis-Cylinder-Pendant
MONORAIL LOW-VOLTAGE PENDANTS,http://www.lbllighting.com/Products/Fixtures/Monorail/Mini-Rock-Candy-Cylinder-Pendant
MONORAIL LOW-VOLTAGE PENDANTS,http://www.lbllighting.com/Products/Fixtures/Monorail/Horizon-Pendant
MONORAIL LOW-VOLTAGE PENDANTS,http://www.lbllighting.com/Products/Fixtures/Monorail/Zollo-Pendant
MONORAIL LOW-VOLTAGE PENDANTS,http://www.lbllighting.com/Products/Fixtures/Monorail/Mini-Rock-Candy-Round-Pendant
MONORAIL LOW-VOLTAGE PENDANTS,http://www.lbllighting.com/Products/Fixtures/Monorail/Chill-Pendant
MONORAIL LOW-VOLTAGE PENDANTS,http://www.lbllighting.com/Products/Fixtures/Monorail/Mini-Isla-Pendant
MONORAIL LOW-VOLTAGE PENDANTS,http://www.lbllighting.com/Products/Fixtures/Monorail/Seguro-Pendant
MONORAIL LOW-VOLTAGE PENDANTS,http://www.lbllighting.com/Products/Fixtures/Monorail/Relic-No.-1-Pendant
MONORAIL LOW-VOLTAGE PENDANTS,http://www.lbllighting.com/Products/Fixtures/Monorail/Relic-No.-2-Pendant
MONORAIL LOW-VOLTAGE PENDANTS,http://www.lbllighting.com/Products/Fixtures/Monorail/Cypree-Pendant-Small
MONORAIL LOW-VOLTAGE PENDANTS,http://www.lbllighting.com/Products/Fixtures/Monorail/Cypree-Pendant-Large
MONORAIL LOW-VOLTAGE PENDANTS,http://www.lbllighting.com/Products/Fixtures/Monorail/Mini-Pavia-Pendant
MONORAIL LOW-VOLTAGE PENDANTS,http://www.lbllighting.com/Products/Fixtures/Monorail/Mini-Aiko-Pendant
MONORAIL LOW-VOLTAGE PENDANTS,http://www.lbllighting.com/Products/Fixtures/Monorail/Mini-Mason-Pendant
MONORAIL LOW-VOLTAGE PENDANTS,http://www.lbllighting.com/Products/Fixtures/Monorail/Mini-Jasper-Pendant
MONORAIL LOW-VOLTAGE PENDANTS,http://www.lbllighting.com/Products/Fixtures/Monorail/Cylia-Pendant
MONORAIL LOW-VOLTAGE PENDANTS,http://www.lbllighting.com/Products/Fixtures/Monorail/Aquarii-Pendant
MONORAIL LOW-VOLTAGE PENDANTS,http://www.lbllighting.com/Products/Fixtures/Monorail/Emi-Pendant
MONORAIL LOW-VOLTAGE PENDANTS,http://www.lbllighting.com/Products/Fixtures/Monorail/Rio-Pendant
MONORAIL LOW-VOLTAGE PENDANTS,http://www.lbllighting.com/Products/Fixtures/Monorail/Mini-Dahling-Pendant
MONORAIL LOW-VOLTAGE PENDANTS,http://www.lbllighting.com/Products/Fixtures/Monorail/Dahling-Pendant
MONORAIL LOW-VOLTAGE PENDANTS,http://www.lbllighting.com/Products/Fixtures/Monorail/Mini-Springview-Pendant
MONORAIL LOW-VOLTAGE PENDANTS,http://www.lbllighting.com/Products/Fixtures/Monorail/Springview-Pendant
MONORAIL LOW-VOLTAGE PENDANTS,http://www.lbllighting.com/Products/Fixtures/Monorail/Lily-Pendant
MONORAIL LOW-VOLTAGE PENDANTS,http://www.lbllighting.com/Products/Fixtures/Monorail/Mini-Lily-Pendant
MONORAIL LOW-VOLTAGE PENDANTS,http://www.lbllighting.com/Products/Fixtures/Monorail/Neutron-Pendant
MONORAIL LOW-VOLTAGE PENDANTS,http://www.lbllighting.com/Products/Fixtures/Monorail/Top-SI-Coax-Pendant
MONORAIL LOW-VOLTAGE PENDANTS,http://www.lbllighting.com/Products/Fixtures/Monorail/Rocks-Pendant
MONORAIL LOW-VOLTAGE PENDANTS,http://www.lbllighting.com/Products/Fixtures/Monorail/Bling-Pendant
MONORAIL LOW-VOLTAGE PENDANTS,http://www.lbllighting.com/Products/Fixtures/Monorail/Dimensions-Pendant
MONORAIL LOW-VOLTAGE PENDANTS,http://www.lbllighting.com/Products/Fixtures/Monorail/Vision-Pendant
MONORAIL LOW-VOLTAGE PENDANTS,http://www.lbllighting.com/Products/Fixtures/Monorail/Celeste-Pendant
MONORAIL LOW-VOLTAGE PENDANTS,http://www.lbllighting.com/Products/Fixtures/Monorail/Icicle-Pendant
MONORAIL LOW-VOLTAGE PENDANTS,http://www.lbllighting.com/Products/Fixtures/Monorail/Sam-Pendant
MONORAIL LOW-VOLTAGE PENDANTS,http://www.lbllighting.com/Products/Fixtures/Monorail/Renee-I-Pendant
MONORAIL LOW-VOLTAGE PENDANTS,http://www.lbllighting.com/Products/Fixtures/Monorail/Tubular-Pendant
MONORAIL LOW-VOLTAGE PENDANTS,http://www.lbllighting.com/Products/Fixtures/Monorail/Rachel-Pendant
MONORAIL LOW-VOLTAGE PENDANTS,http://www.lbllighting.com/Products/Fixtures/Monorail/Coliseum-Pendant
MONORAIL LOW-VOLTAGE PENDANTS,http://www.lbllighting.com/Products/Fixtures/Monorail/Flute-Pendant
MONORAIL LOW-VOLTAGE PENDANTS,http://www.lbllighting.com/Products/Fixtures/Monorail/Onyx-Cone-Pendant
MONORAIL LOW-VOLTAGE PENDANTS,http://www.lbllighting.com/Products/Fixtures/Monorail/Onyx-Cylinder-Pendant
MONORAIL LOW-VOLTAGE PENDANTS,http://www.lbllighting.com/Products/Fixtures/Monorail/Onyx-Dome-Pendant
MONORAIL LOW-VOLTAGE PENDANTS,http://www.lbllighting.com/Products/Fixtures/Monorail/Onyx-Teardrop-Pendant
MONORAIL LOW-VOLTAGE PENDANTS,http://www.lbllighting.com/Products/Fixtures/Monorail/Banja-Pendant
MONORAIL LOW-VOLTAGE PENDANTS,http://www.lbllighting.com/Products/Fixtures/Monorail/Tear-SI-Coax-Pendant
MONORAIL LOW-VOLTAGE PENDANTS,http://www.lbllighting.com/Products/Fixtures/Monorail/Tear-SII-Coax-Pendant
MONORAIL LOW-VOLTAGE PENDANTS,http://www.lbllighting.com/Products/Fixtures/Monorail/Sophia-Coax-Pendant
MONORAIL LOW-VOLTAGE PENDANTS,http://www.lbllighting.com/Products/Fixtures/Monorail/Orbit-Pendant
MONORAIL LOW-VOLTAGE PENDANTS,http://www.lbllighting.com/Products/Fixtures/Monorail/Mini-Dome-II-Pendant
MONORAIL LOW-VOLTAGE PENDANTS,http://www.lbllighting.com/Products/Fixtures/Monorail/Dome-SI-Coax-Pendant
MONORAIL LOW-VOLTAGE PENDANTS,http://www.lbllighting.com/Products/Fixtures/Monorail/Mango-Nuage-Coax
MONORAIL LOW-VOLTAGE PENDANTS,http://www.lbllighting.com/Products/Fixtures/Monorail/Mini-Indulgent-Pendant
MONORAIL LOW-VOLTAGE PENDANTS,http://www.lbllighting.com/Products/Fixtures/Monorail/Paperweight-Pendant
MONORAIL LOW-VOLTAGE PENDANTS,http://www.lbllighting.com/Products/Fixtures/Monorail/Bulle-Pendant
MONORAIL LOW-VOLTAGE PENDANTS,http://www.lbllighting.com/Products/Fixtures/Monorail/Mini-Veneto-Pendant
MONORAIL LOW-VOLTAGE PENDANTS,http://www.lbllighting.com/Products/Fixtures/Monorail/Jelly-Pendant
MONORAIL LOW-VOLTAGE PENDANTS,http://www.lbllighting.com/Products/Fixtures/Monorail/Neptune-I-Pendant
MONORAIL LOW-VOLTAGE PENDANTS,http://www.lbllighting.com/Products/Fixtures/Monorail/Mini-Monty-Pendant
MONORAIL LOW-VOLTAGE PENDANTS,http://www.lbllighting.com/Products/Fixtures/Monorail/Cone-III-Pendant
MONORAIL LOW-VOLTAGE PENDANTS,http://www.lbllighting.com/Products/Fixtures/Monorail/Finestra-Pendant
MONORAIL LOW-VOLTAGE PENDANTS,http://www.lbllighting.com/Products/Fixtures/Monorail/Max-Pendant
MONORAIL LOW-VOLTAGE PENDANTS,http://www.lbllighting.com/Products/Fixtures/Monorail/Abbey-Pendant
MONORAIL LOW-VOLTAGE PENDANTS,http://www.lbllighting.com/Products/Fixtures/Monorail/Madeleine-Pendant
MONORAIL LOW-VOLTAGE PENDANTS,http://www.lbllighting.com/Products/Fixtures/Monorail/Flow-Pendant
MONORAIL LOW-VOLTAGE PENDANTS,http://www.lbllighting.com/Products/Fixtures/Monorail/Vortex-Pendant
MONORAIL LOW-VOLTAGE PENDANTS,http://www.lbllighting.com/Products/Fixtures/Monorail/Gelato-Pendant
MONORAIL LOW-VOLTAGE PENDANTS,http://www.lbllighting.com/Products/Fixtures/Monorail/Ooni-Pendant
MONORAIL LOW-VOLTAGE PENDANTS,http://www.lbllighting.com/Products/Fixtures/Monorail/Crystal-Ball-Pendant
MONORAIL LOW-VOLTAGE PENDANTS,http://www.lbllighting.com/Products/Fixtures/Monorail/Rocket-Pendant
MONORAIL LOW-VOLTAGE PENDANTS,http://www.lbllighting.com/Products/Fixtures/Monorail/Hover-Pendant
MONORAIL LOW-VOLTAGE PENDANTS,http://www.lbllighting.com/Products/Fixtures/Monorail/Fiona-Pendant
MONORAIL LOW-VOLTAGE PENDANTS,http://www.lbllighting.com/Products/Fixtures/Monorail/Tube-1-Pendant
MONORAIL LOW-VOLTAGE PENDANTS,http://www.lbllighting.com/Products/Fixtures/Monorail/Tube-2-Pendant
MONORAIL LOW-VOLTAGE PENDANTS,http://www.lbllighting.com/Products/Fixtures/Monorail/Tube-3-Pendant
MONORAIL LOW-VOLTAGE HEADS,http://www.lbllighting.com/Products/Fixtures/Monorail/Auri-Head
MONORAIL LOW-VOLTAGE HEADS,http://www.lbllighting.com/Products/Fixtures/Monorail/Swing-Head
MONORAIL LOW-VOLTAGE HEADS,http://www.lbllighting.com/Products/Fixtures/Monorail/Vent-Head
MONORAIL LOW-VOLTAGE HEADS,http://www.lbllighting.com/Products/Fixtures/Monorail/Modo-Head
MONORAIL LOW-VOLTAGE HEADS,http://www.lbllighting.com/Products/Fixtures/Monorail/Merlino-Swivel-II-Head
MONORAIL LOW-VOLTAGE HEADS,http://www.lbllighting.com/Products/Fixtures/Monorail/Bare-Head-Swivel-II-Head
MONORAIL LOW-VOLTAGE HEADS,http://www.lbllighting.com/Products/Fixtures/Monorail/Twin-Spot-Swivel-Head
MONORAIL LOW-VOLTAGE HEADS,http://www.lbllighting.com/Products/Fixtures/Monorail/Shield-Swivel-I-Head
MONORAIL LOW-VOLTAGE HEADS,http://www.lbllighting.com/Products/Fixtures/Monorail/Bare-Head-Swivel-I-Head
MONORAIL LOW-VOLTAGE HEADS,http://www.lbllighting.com/Products/Fixtures/Monorail/Orbit-Swivel-I-Head
MONORAIL LOW-VOLTAGE HEADS,http://www.lbllighting.com/Products/Fixtures/Monorail/Rev-Swivel-Head
MONORAIL LOW-VOLTAGE HEADS,http://www.lbllighting.com/Products/Fixtures/Monorail/Mini-Dome-I-Swivel-I-Head
MONORAIL LOW-VOLTAGE HEADS,http://www.lbllighting.com/Products/Fixtures/Monorail/Apex-Swivel-Head
MONORAIL LOW-VOLTAGE HEADS,http://www.lbllighting.com/Products/Fixtures/Monorail/Bare-Head-Apollo-Swivel-I-Head
MONORAIL LOW-VOLTAGE HEADS,http://www.lbllighting.com/Products/Fixtures/Monorail/Puck-Swivel-Head
MONORAIL LOW-VOLTAGE HEADS,http://www.lbllighting.com/Products/Fixtures/Monorail/Twin-Tube-Monorail-Bath-Kit-Head
WALL MONORAIL,http://www.lbllighting.com/Products/Fixtures/Wall-Monorail/Masonary-Screw
WALL MONORAIL,http://www.lbllighting.com/Products/Fixtures/Wall-Monorail/Monorail-Adjustable-Angle-Connectors
WALL MONORAIL,http://www.lbllighting.com/Products/Fixtures/Wall-Monorail/Monorail-End-Caps-4-pc-set
WALL MONORAIL,http://www.lbllighting.com/Products/Fixtures/Wall-Monorail/Monorail-Isolating-Connector
WALL MONORAIL,http://www.lbllighting.com/Products/Fixtures/Wall-Monorail/Monorail-Rail
WALL MONORAIL,http://www.lbllighting.com/Products/Fixtures/Wall-Monorail/Monorail-Remote-Electronic-Transformer-150w-120v-12v-DC
WALL MONORAIL,http://www.lbllighting.com/Products/Fixtures/Wall-Monorail/Monorail-Remote-Electronic-Transformer-150w-120v-12v-LED
WALL MONORAIL,http://www.lbllighting.com/Products/Fixtures/Wall-Monorail/Monorail-Remote-Electronic-Transformer-300w-120v-12v-DC
WALL MONORAIL,http://www.lbllighting.com/Products/Fixtures/Wall-Monorail/Monorail-Remote-Electronic-Transformer-300w-120v-12v-LED
WALL MONORAIL,http://www.lbllighting.com/Products/Fixtures/Wall-Monorail/Monorail-Remote-Electronic-Transformer-60w-120v-12v-LED
WALL MONORAIL,http://www.lbllighting.com/Products/Fixtures/Wall-Monorail/Monorail-Remote-Magnetic-Transformer-150w-120v-12v
WALL MONORAIL,http://www.lbllighting.com/Products/Fixtures/Wall-Monorail/Monorail-Remote-Magnetic-Transformer-150w-277v-12v
WALL MONORAIL,http://www.lbllighting.com/Products/Fixtures/Wall-Monorail/Monorail-Remote-Magnetic-Transformer-300w-120v-12v
WALL MONORAIL,http://www.lbllighting.com/Products/Fixtures/Wall-Monorail/Monorail-Remote-Magnetic-Transformer-300w-120v-24v
WALL MONORAIL,http://www.lbllighting.com/Products/Fixtures/Wall-Monorail/Monorail-Remote-Magnetic-Transformer-300w-277v-12v
WALL MONORAIL,http://www.lbllighting.com/Products/Fixtures/Wall-Monorail/Monorail-Remote-Magnetic-Transformer-600w-120v-12v
WALL MONORAIL,http://www.lbllighting.com/Products/Fixtures/Wall-Monorail/Monorail-Remote-Magnetic-Transformer-600w-120v-24v
WALL MONORAIL,http://www.lbllighting.com/Products/Fixtures/Wall-Monorail/Monorail-Remote-Magnetic-Transformer-600w-277v-12v
WALL MONORAIL,http://www.lbllighting.com/Products/Fixtures/Wall-Monorail/Monorail-Remote-Magnetic-Transformer-75w-277v-12v
WALL MONORAIL,http://www.lbllighting.com/Products/Fixtures/Wall-Monorail/Monorail-Straight-Conductive-Connectors
WALL MONORAIL,http://www.lbllighting.com/Products/Fixtures/Wall-Monorail/Wall-Monorail-4-Round-Direct-Feed-Canopy-Single-Feed
WALL MONORAIL,http://www.lbllighting.com/Products/Fixtures/Wall-Monorail/Wall-Monorail-Direct-Feed-Standoff
WALL MONORAIL,http://www.lbllighting.com/Products/Fixtures/Wall-Monorail/Wall-Monorail-Element-Adapter
WALL MONORAIL,http://www.lbllighting.com/Products/Fixtures/Wall-Monorail/Monorail-Remote-Magnetic-Transformer-75w-120v-12v
WALL MONORAIL LOW-VOLTAGE HEADS,http://www.lbllighting.com/Products/Fixtures/Monorail/Swing-Head
WALL MONORAIL LOW-VOLTAGE HEADS,http://www.lbllighting.com/Products/Fixtures/Monorail/Vent-Head
WALL MONORAIL LOW-VOLTAGE HEADS,http://www.lbllighting.com/Products/Fixtures/Monorail/Modo-Head
WALL MONORAIL LOW-VOLTAGE HEADS,http://www.lbllighting.com/Products/Fixtures/Monorail/Merlino-Swivel-II-Head
WALL MONORAIL LOW-VOLTAGE HEADS,http://www.lbllighting.com/Products/Fixtures/Monorail/Bare-Head-Swivel-II-Head
WALL MONORAIL LOW-VOLTAGE HEADS,http://www.lbllighting.com/Products/Fixtures/Monorail/Twin-Spot-Swivel-Head
WALL MONORAIL LOW-VOLTAGE HEADS,http://www.lbllighting.com/Products/Fixtures/Monorail/Shield-Swivel-I-Head
WALL MONORAIL LOW-VOLTAGE HEADS,http://www.lbllighting.com/Products/Fixtures/Monorail/Bare-Head-Swivel-I-Head
WALL MONORAIL LOW-VOLTAGE HEADS,http://www.lbllighting.com/Products/Fixtures/Monorail/Orbit-Swivel-I-Head
WALL MONORAIL LOW-VOLTAGE HEADS,http://www.lbllighting.com/Products/Fixtures/Monorail/Rev-Swivel-Head
WALL MONORAIL LOW-VOLTAGE HEADS,http://www.lbllighting.com/Products/Fixtures/Monorail/Mini-Dome-I-Swivel-I-Head
WALL MONORAIL LOW-VOLTAGE HEADS,http://www.lbllighting.com/Products/Fixtures/Monorail/Apex-Swivel-Head
WALL MONORAIL LOW-VOLTAGE HEADS,http://www.lbllighting.com/Products/Fixtures/Monorail/Bare-Head-Apollo-Swivel-I-Head
WALL MONORAIL LOW-VOLTAGE HEADS,http://www.lbllighting.com/Products/Fixtures/Monorail/Puck-Swivel-Head
TWO CIRCUIT MONORAIL,http://www.lbllighting.com/Products/Fixtures/2-Circuit-Monorail/2-Circuit-Monorail-4-Round-Canopy
TWO CIRCUIT MONORAIL,http://www.lbllighting.com/Products/Fixtures/2-Circuit-Monorail/2-Circuit-Monorail-4-Round-Canopy-Dual-Feed
TWO CIRCUIT MONORAIL,http://www.lbllighting.com/Products/Fixtures/2-Circuit-Monorail/2-Circuit-Monorail-Adjustable-Angle-Connector
TWO CIRCUIT MONORAIL,http://www.lbllighting.com/Products/Fixtures/2-Circuit-Monorail/2-Circuit-Monorail-Adjustable-Cable-Standoff
TWO CIRCUIT MONORAIL,http://www.lbllighting.com/Products/Fixtures/2-Circuit-Monorail/2-Circuit-Monorail-Adjustable-Vertical-Connector
TWO CIRCUIT MONORAIL,http://www.lbllighting.com/Products/Fixtures/2-Circuit-Monorail/2-Circuit-Monorail-Circle
TWO CIRCUIT MONORAIL,http://www.lbllighting.com/Products/Fixtures/2-Circuit-Monorail/2-Circuit-Monorail-Curve
TWO CIRCUIT MONORAIL,http://www.lbllighting.com/Products/Fixtures/2-Circuit-Monorail/2-Circuit-Monorail-Direct-Feed-Canopy
TWO CIRCUIT MONORAIL,http://www.lbllighting.com/Products/Fixtures/2-Circuit-Monorail/2-Circuit-Monorail-Direct-Feed-Canopy-Dual-Feed
TWO CIRCUIT MONORAIL,http://www.lbllighting.com/Products/Fixtures/2-Circuit-Monorail/2-Circuit-Monorail-Direct-Feed-Standoff-for-Canopy
TWO CIRCUIT MONORAIL,http://www.lbllighting.com/Products/Fixtures/2-Circuit-Monorail/2-Circuit-Monorail-Direct-Feed-Standoff-for-Surface-Transformer
TWO CIRCUIT MONORAIL,http://www.lbllighting.com/Products/Fixtures/2-Circuit-Monorail/2-Circuit-Monorail-Direct-Feed-Surface-Transformer-Electronic-300w-120v-12v
TWO CIRCUIT MONORAIL,http://www.lbllighting.com/Products/Fixtures/2-Circuit-Monorail/2-Circuit-Monorail-Direct-Feed-Surface-Transformer-Magnetic-500w-120v-12v
TWO CIRCUIT MONORAIL,http://www.lbllighting.com/Products/Fixtures/2-Circuit-Monorail/2-Circuit-Monorail-Element-Adapter
TWO CIRCUIT MONORAIL,http://www.lbllighting.com/Products/Fixtures/2-Circuit-Monorail/2-Circuit-Monorail-End-Caps
TWO CIRCUIT MONORAIL,http://www.lbllighting.com/Products/Fixtures/2-Circuit-Monorail/2-Circuit-Monorail-Isolating-Connectors
TWO CIRCUIT MONORAIL,http://www.lbllighting.com/Products/Fixtures/2-Circuit-Monorail/2-Circuit-Monorail-Rail
TWO CIRCUIT MONORAIL,http://www.lbllighting.com/Products/Fixtures/2-Circuit-Monorail/2-Circuit-Monorail-Remote-Magnetic-Transformer-150w-120v-12v
TWO CIRCUIT MONORAIL,http://www.lbllighting.com/Products/Fixtures/2-Circuit-Monorail/2-Circuit-Monorail-Remote-Magnetic-Transformer-300w-120v-12v
TWO CIRCUIT MONORAIL,http://www.lbllighting.com/Products/Fixtures/2-Circuit-Monorail/2-Circuit-Monorail-Remote-Magnetic-Transformer-600w-120v-12v
TWO CIRCUIT MONORAIL,http://www.lbllighting.com/Products/Fixtures/2-Circuit-Monorail/2-Circuit-Monorail-Remote-Magnetic-Transformer-600w-277v-12v
TWO CIRCUIT MONORAIL,http://www.lbllighting.com/Products/Fixtures/2-Circuit-Monorail/2-Circuit-Monorail-Rigid-Standoff
TWO CIRCUIT MONORAIL,http://www.lbllighting.com/Products/Fixtures/2-Circuit-Monorail/2-Circuit-Monorail-Straight-Conductive-Connectors
TWO CIRCUIT MONORAIL,http://www.lbllighting.com/Products/Fixtures/2-Circuit-Monorail/2-Circuit-Monorail-Surface-Electronic-Transformer-300w-120v-12v
TWO CIRCUIT MONORAIL,http://www.lbllighting.com/Products/Fixtures/2-Circuit-Monorail/2-Circuit-Monorail-Surface-Magnetic-Transformer-500w-120v-12v
TWO CIRCUIT MONORAIL,http://www.lbllighting.com/Products/Fixtures/2-Circuit-Monorail/2-Circuit-Monorail-T-Conductive-Connectors
TWO CIRCUIT MONORAIL,http://www.lbllighting.com/Products/Fixtures/2-Circuit-Monorail/2-Circuit-Monorail-X-Conductive-Connectors
TWO CIRCUIT MONORAIL,http://www.lbllighting.com/Products/Fixtures/2-Circuit-Monorail/Masonary-Screw
TWO CIRCUIT MONORAIL,http://www.lbllighting.com/Products/Fixtures/2-Circuit-Monorail/Monorail-Wall-Bracket
TWO CIRCUIT MONORAIL,http://www.lbllighting.com/Products/Fixtures/2-Circuit-Monorail/Standoff-Ball-Joint-Assembly
TWO CIRCUIT MONORAIL,http://www.lbllighting.com/Products/Fixtures/2-Circuit-Monorail/T-Grid-Clip
TWO CIRCUIT MONORAIL LOW-VOLTAGE PENDANTS,http://www.lbllighting.com/Products/Fixtures/2-Circuit-Monorail/Adara-Pendant
TWO CIRCUIT MONORAIL LOW-VOLTAGE PENDANTS,http://www.lbllighting.com/Products/Fixtures/2-Circuit-Monorail/Mini-Signal-Pendant
TWO CIRCUIT MONORAIL LOW-VOLTAGE PENDANTS,http://www.lbllighting.com/Products/Fixtures/2-Circuit-Monorail/Mini-Zuri-Pendant
TWO CIRCUIT MONORAIL LOW-VOLTAGE PENDANTS,http://www.lbllighting.com/Products/Fixtures/2-Circuit-Monorail/Sphere-Low-Voltage-Pendant
TWO CIRCUIT MONORAIL LOW-VOLTAGE PENDANTS,http://www.lbllighting.com/Products/Fixtures/2-Circuit-Monorail/Trista-Pendant
TWO CIRCUIT MONORAIL LOW-VOLTAGE PENDANTS,http://www.lbllighting.com/Products/Fixtures/2-Circuit-Monorail/Dolly-Pendant
TWO CIRCUIT MONORAIL LOW-VOLTAGE PENDANTS,http://www.lbllighting.com/Products/Fixtures/2-Circuit-Monorail/Mademoiselle-No.-1-Pendant
TWO CIRCUIT MONORAIL LOW-VOLTAGE PENDANTS,http://www.lbllighting.com/Products/Fixtures/2-Circuit-Monorail/Mademoiselle-No.-2-Pendant
TWO CIRCUIT MONORAIL LOW-VOLTAGE PENDANTS,http://www.lbllighting.com/Products/Fixtures/2-Circuit-Monorail/Mini-Dia-Pendant
TWO CIRCUIT MONORAIL LOW-VOLTAGE PENDANTS,http://www.lbllighting.com/Products/Fixtures/2-Circuit-Monorail/Dia-Pendant
TWO CIRCUIT MONORAIL LOW-VOLTAGE PENDANTS,http://www.lbllighting.com/Products/Fixtures/2-Circuit-Monorail/Izzy-Pendant
TWO CIRCUIT MONORAIL LOW-VOLTAGE PENDANTS,http://www.lbllighting.com/Products/Fixtures/2-Circuit-Monorail/Mini-Vera-Pendant
TWO CIRCUIT MONORAIL LOW-VOLTAGE PENDANTS,http://www.lbllighting.com/Products/Fixtures/2-Circuit-Monorail/Paige-Pendant
TWO CIRCUIT MONORAIL LOW-VOLTAGE PENDANTS,http://www.lbllighting.com/Products/Fixtures/2-Circuit-Monorail/Mini-Akari-Pendant
TWO CIRCUIT MONORAIL LOW-VOLTAGE PENDANTS,http://www.lbllighting.com/Products/Fixtures/2-Circuit-Monorail/Monaco-Pendant
TWO CIRCUIT MONORAIL LOW-VOLTAGE PENDANTS,http://www.lbllighting.com/Products/Fixtures/2-Circuit-Monorail/Corinna-Pendant
TWO CIRCUIT MONORAIL LOW-VOLTAGE PENDANTS,http://www.lbllighting.com/Products/Fixtures/2-Circuit-Monorail/Luxa-Pendant
TWO CIRCUIT MONORAIL LOW-VOLTAGE PENDANTS,http://www.lbllighting.com/Products/Fixtures/2-Circuit-Monorail/Lexum-Pendant
TWO CIRCUIT MONORAIL LOW-VOLTAGE PENDANTS,http://www.lbllighting.com/Products/Fixtures/2-Circuit-Monorail/Arik-Pendant
TWO CIRCUIT MONORAIL LOW-VOLTAGE PENDANTS,http://www.lbllighting.com/Products/Fixtures/2-Circuit-Monorail/Vigi-Pendant
TWO CIRCUIT MONORAIL LOW-VOLTAGE PENDANTS,http://www.lbllighting.com/Products/Fixtures/2-Circuit-Monorail/Mini-Rhythm-Pendant
TWO CIRCUIT MONORAIL LOW-VOLTAGE PENDANTS,http://www.lbllighting.com/Products/Fixtures/2-Circuit-Monorail/Mini-Olivia-Pendant
TWO CIRCUIT MONORAIL LOW-VOLTAGE PENDANTS,http://www.lbllighting.com/Products/Fixtures/2-Circuit-Monorail/Bonn-Pendant
TWO CIRCUIT MONORAIL LOW-VOLTAGE PENDANTS,http://www.lbllighting.com/Products/Fixtures/2-Circuit-Monorail/Briolette-Pendant
TWO CIRCUIT MONORAIL LOW-VOLTAGE PENDANTS,http://www.lbllighting.com/Products/Fixtures/2-Circuit-Monorail/Mini-Isis-Cylinder-Pendant
TWO CIRCUIT MONORAIL LOW-VOLTAGE PENDANTS,http://www.lbllighting.com/Products/Fixtures/2-Circuit-Monorail/Mini-Rock-Candy-Cylinder-Pendant
TWO CIRCUIT MONORAIL LOW-VOLTAGE PENDANTS,http://www.lbllighting.com/Products/Fixtures/2-Circuit-Monorail/Horizon-Pendant
TWO CIRCUIT MONORAIL LOW-VOLTAGE PENDANTS,http://www.lbllighting.com/Products/Fixtures/2-Circuit-Monorail/Zollo-Pendant
TWO CIRCUIT MONORAIL LOW-VOLTAGE PENDANTS,http://www.lbllighting.com/Products/Fixtures/2-Circuit-Monorail/Mini-Rock-Candy-Round-Pendant
TWO CIRCUIT MONORAIL LOW-VOLTAGE PENDANTS,http://www.lbllighting.com/Products/Fixtures/2-Circuit-Monorail/Chill-Pendant
TWO CIRCUIT MONORAIL LOW-VOLTAGE PENDANTS,http://www.lbllighting.com/Products/Fixtures/2-Circuit-Monorail/Mini-Isla-Pendant
TWO CIRCUIT MONORAIL LOW-VOLTAGE PENDANTS,http://www.lbllighting.com/Products/Fixtures/2-Circuit-Monorail/Seguro-Pendant
TWO CIRCUIT MONORAIL LOW-VOLTAGE PENDANTS,http://www.lbllighting.com/Products/Fixtures/2-Circuit-Monorail/Relic-No.-1-Pendant
TWO CIRCUIT MONORAIL LOW-VOLTAGE PENDANTS,http://www.lbllighting.com/Products/Fixtures/2-Circuit-Monorail/Relic-No.-2-Pendant
TWO CIRCUIT MONORAIL LOW-VOLTAGE PENDANTS,http://www.lbllighting.com/Products/Fixtures/2-Circuit-Monorail/Cypree-Pendant-Small
TWO CIRCUIT MONORAIL LOW-VOLTAGE PENDANTS,http://www.lbllighting.com/Products/Fixtures/2-Circuit-Monorail/Cypree-Pendant-Large
TWO CIRCUIT MONORAIL LOW-VOLTAGE PENDANTS,http://www.lbllighting.com/Products/Fixtures/2-Circuit-Monorail/Mini-Pavia-Pendant
TWO CIRCUIT MONORAIL LOW-VOLTAGE PENDANTS,http://www.lbllighting.com/Products/Fixtures/2-Circuit-Monorail/Mini-Aiko-Pendant
TWO CIRCUIT MONORAIL LOW-VOLTAGE PENDANTS,http://www.lbllighting.com/Products/Fixtures/2-Circuit-Monorail/Mini-Mason-Pendant
TWO CIRCUIT MONORAIL LOW-VOLTAGE PENDANTS,http://www.lbllighting.com/Products/Fixtures/2-Circuit-Monorail/Mini-Jasper-Pendant
TWO CIRCUIT MONORAIL LOW-VOLTAGE PENDANTS,http://www.lbllighting.com/Products/Fixtures/2-Circuit-Monorail/Cylia-Pendant
TWO CIRCUIT MONORAIL LOW-VOLTAGE PENDANTS,http://www.lbllighting.com/Products/Fixtures/2-Circuit-Monorail/Aquarii-Pendant
TWO CIRCUIT MONORAIL LOW-VOLTAGE PENDANTS,http://www.lbllighting.com/Products/Fixtures/2-Circuit-Monorail/Emi-Pendant
TWO CIRCUIT MONORAIL LOW-VOLTAGE PENDANTS,http://www.lbllighting.com/Products/Fixtures/2-Circuit-Monorail/Rio-Pendant
TWO CIRCUIT MONORAIL LOW-VOLTAGE PENDANTS,http://www.lbllighting.com/Products/Fixtures/2-Circuit-Monorail/Mini-Dahling-Pendant
TWO CIRCUIT MONORAIL LOW-VOLTAGE PENDANTS,http://www.lbllighting.com/Products/Fixtures/2-Circuit-Monorail/Dahling-Pendant
TWO CIRCUIT MONORAIL LOW-VOLTAGE PENDANTS,http://www.lbllighting.com/Products/Fixtures/2-Circuit-Monorail/Mini-Springview-Pendant
TWO CIRCUIT MONORAIL LOW-VOLTAGE PENDANTS,http://www.lbllighting.com/Products/Fixtures/2-Circuit-Monorail/Springview-Pendant
TWO CIRCUIT MONORAIL LOW-VOLTAGE PENDANTS,http://www.lbllighting.com/Products/Fixtures/2-Circuit-Monorail/Lily-Pendant
TWO CIRCUIT MONORAIL LOW-VOLTAGE PENDANTS,http://www.lbllighting.com/Products/Fixtures/2-Circuit-Monorail/Mini-Lily-Pendant
TWO CIRCUIT MONORAIL LOW-VOLTAGE PENDANTS,http://www.lbllighting.com/Products/Fixtures/2-Circuit-Monorail/Neutron-Pendant
TWO CIRCUIT MONORAIL LOW-VOLTAGE PENDANTS,http://www.lbllighting.com/Products/Fixtures/2-Circuit-Monorail/Top-SI-Coax-Pendant
TWO CIRCUIT MONORAIL LOW-VOLTAGE PENDANTS,http://www.lbllighting.com/Products/Fixtures/2-Circuit-Monorail/Rocks-Pendant
TWO CIRCUIT MONORAIL LOW-VOLTAGE PENDANTS,http://www.lbllighting.com/Products/Fixtures/2-Circuit-Monorail/Bling-Pendant
TWO CIRCUIT MONORAIL LOW-VOLTAGE PENDANTS,http://www.lbllighting.com/Products/Fixtures/2-Circuit-Monorail/Dimensions-Pendant
TWO CIRCUIT MONORAIL LOW-VOLTAGE PENDANTS,http://www.lbllighting.com/Products/Fixtures/2-Circuit-Monorail/Vision-Pendant
TWO CIRCUIT MONORAIL LOW-VOLTAGE PENDANTS,http://www.lbllighting.com/Products/Fixtures/2-Circuit-Monorail/Celeste-Pendant
TWO CIRCUIT MONORAIL LOW-VOLTAGE PENDANTS,http://www.lbllighting.com/Products/Fixtures/2-Circuit-Monorail/Icicle-Pendant
TWO CIRCUIT MONORAIL LOW-VOLTAGE PENDANTS,http://www.lbllighting.com/Products/Fixtures/2-Circuit-Monorail/Sam-Pendant
TWO CIRCUIT MONORAIL LOW-VOLTAGE PENDANTS,http://www.lbllighting.com/Products/Fixtures/2-Circuit-Monorail/Renee-I-Pendant
TWO CIRCUIT MONORAIL LOW-VOLTAGE PENDANTS,http://www.lbllighting.com/Products/Fixtures/2-Circuit-Monorail/Tubular-Pendant
TWO CIRCUIT MONORAIL LOW-VOLTAGE PENDANTS,http://www.lbllighting.com/Products/Fixtures/2-Circuit-Monorail/Rachel-Pendant
TWO CIRCUIT MONORAIL LOW-VOLTAGE PENDANTS,http://www.lbllighting.com/Products/Fixtures/2-Circuit-Monorail/Coliseum-Pendant
TWO CIRCUIT MONORAIL LOW-VOLTAGE PENDANTS,http://www.lbllighting.com/Products/Fixtures/2-Circuit-Monorail/Flute-Pendant
TWO CIRCUIT MONORAIL LOW-VOLTAGE PENDANTS,http://www.lbllighting.com/Products/Fixtures/2-Circuit-Monorail/Onyx-Cone-Pendant
TWO CIRCUIT MONORAIL LOW-VOLTAGE PENDANTS,http://www.lbllighting.com/Products/Fixtures/2-Circuit-Monorail/Onyx-Cylinder-Pendant
TWO CIRCUIT MONORAIL LOW-VOLTAGE PENDANTS,http://www.lbllighting.com/Products/Fixtures/2-Circuit-Monorail/Onyx-Dome-Pendant
TWO CIRCUIT MONORAIL LOW-VOLTAGE PENDANTS,http://www.lbllighting.com/Products/Fixtures/2-Circuit-Monorail/Onyx-Teardrop-Pendant
TWO CIRCUIT MONORAIL LOW-VOLTAGE PENDANTS,http://www.lbllighting.com/Products/Fixtures/2-Circuit-Monorail/Banja-Pendant
TWO CIRCUIT MONORAIL LOW-VOLTAGE PENDANTS,http://www.lbllighting.com/Products/Fixtures/2-Circuit-Monorail/Tear-SI-Coax-Pendant
TWO CIRCUIT MONORAIL LOW-VOLTAGE PENDANTS,http://www.lbllighting.com/Products/Fixtures/2-Circuit-Monorail/Tear-SII-Coax-Pendant
TWO CIRCUIT MONORAIL LOW-VOLTAGE PENDANTS,http://www.lbllighting.com/Products/Fixtures/2-Circuit-Monorail/Sophia-Coax-Pendant
TWO CIRCUIT MONORAIL LOW-VOLTAGE PENDANTS,http://www.lbllighting.com/Products/Fixtures/2-Circuit-Monorail/Orbit-Pendant
TWO CIRCUIT MONORAIL LOW-VOLTAGE PENDANTS,http://www.lbllighting.com/Products/Fixtures/2-Circuit-Monorail/Mini-Dome-II-Pendant
TWO CIRCUIT MONORAIL LOW-VOLTAGE PENDANTS,http://www.lbllighting.com/Products/Fixtures/2-Circuit-Monorail/Dome-SI-Coax-Pendant
TWO CIRCUIT MONORAIL LOW-VOLTAGE PENDANTS,http://www.lbllighting.com/Products/Fixtures/2-Circuit-Monorail/Mango-Nuage-Coax
TWO CIRCUIT MONORAIL LOW-VOLTAGE PENDANTS,http://www.lbllighting.com/Products/Fixtures/2-Circuit-Monorail/Mini-Indulgent-Pendant
TWO CIRCUIT MONORAIL LOW-VOLTAGE PENDANTS,http://www.lbllighting.com/Products/Fixtures/2-Circuit-Monorail/Paperweight-Pendant
TWO CIRCUIT MONORAIL LOW-VOLTAGE PENDANTS,http://www.lbllighting.com/Products/Fixtures/2-Circuit-Monorail/Bulle-Pendant
TWO CIRCUIT MONORAIL LOW-VOLTAGE PENDANTS,http://www.lbllighting.com/Products/Fixtures/2-Circuit-Monorail/Mini-Veneto-Pendant
TWO CIRCUIT MONORAIL LOW-VOLTAGE PENDANTS,http://www.lbllighting.com/Products/Fixtures/2-Circuit-Monorail/Jelly-Pendant
TWO CIRCUIT MONORAIL LOW-VOLTAGE PENDANTS,http://www.lbllighting.com/Products/Fixtures/2-Circuit-Monorail/Neptune-I-Pendant
TWO CIRCUIT MONORAIL LOW-VOLTAGE PENDANTS,http://www.lbllighting.com/Products/Fixtures/2-Circuit-Monorail/Mini-Monty-Pendant
TWO CIRCUIT MONORAIL LOW-VOLTAGE PENDANTS,http://www.lbllighting.com/Products/Fixtures/2-Circuit-Monorail/Cone-III-Pendant
TWO CIRCUIT MONORAIL LOW-VOLTAGE PENDANTS,http://www.lbllighting.com/Products/Fixtures/2-Circuit-Monorail/Finestra-Pendant
TWO CIRCUIT MONORAIL LOW-VOLTAGE PENDANTS,http://www.lbllighting.com/Products/Fixtures/2-Circuit-Monorail/Max-Pendant
TWO CIRCUIT MONORAIL LOW-VOLTAGE PENDANTS,http://www.lbllighting.com/Products/Fixtures/2-Circuit-Monorail/Abbey-Pendant
TWO CIRCUIT MONORAIL LOW-VOLTAGE PENDANTS,http://www.lbllighting.com/Products/Fixtures/2-Circuit-Monorail/Madeleine-Pendant
TWO CIRCUIT MONORAIL LOW-VOLTAGE PENDANTS,http://www.lbllighting.com/Products/Fixtures/2-Circuit-Monorail/Flow-Pendant
TWO CIRCUIT MONORAIL LOW-VOLTAGE PENDANTS,http://www.lbllighting.com/Products/Fixtures/2-Circuit-Monorail/Vortex-Pendant
TWO CIRCUIT MONORAIL LOW-VOLTAGE PENDANTS,http://www.lbllighting.com/Products/Fixtures/2-Circuit-Monorail/Gelato-Pendant
TWO CIRCUIT MONORAIL LOW-VOLTAGE PENDANTS,http://www.lbllighting.com/Products/Fixtures/2-Circuit-Monorail/Ooni-Pendant
TWO CIRCUIT MONORAIL LOW-VOLTAGE PENDANTS,http://www.lbllighting.com/Products/Fixtures/2-Circuit-Monorail/Crystal-Ball-Pendant
TWO CIRCUIT MONORAIL LOW-VOLTAGE PENDANTS,http://www.lbllighting.com/Products/Fixtures/2-Circuit-Monorail/Rocket-Pendant
TWO CIRCUIT MONORAIL LOW-VOLTAGE PENDANTS,http://www.lbllighting.com/Products/Fixtures/2-Circuit-Monorail/Hover-Pendant
TWO CIRCUIT MONORAIL LOW-VOLTAGE PENDANTS,http://www.lbllighting.com/Products/Fixtures/2-Circuit-Monorail/Fiona-Pendant
TWO CIRCUIT MONORAIL LOW-VOLTAGE PENDANTS,http://www.lbllighting.com/Products/Fixtures/2-Circuit-Monorail/Tube-1-Pendant
TWO CIRCUIT MONORAIL LOW-VOLTAGE PENDANTS,http://www.lbllighting.com/Products/Fixtures/2-Circuit-Monorail/Tube-2-Pendant
TWO CIRCUIT MONORAIL LOW-VOLTAGE PENDANTS,http://www.lbllighting.com/Products/Fixtures/2-Circuit-Monorail/Tube-3-Pendant
TWO CIRCUIT MONORAIL LOW-VOLTAGE HEADS,http://www.lbllighting.com/Products/Fixtures/2-Circuit-Monorail/Auri-Head
TWO CIRCUIT MONORAIL LOW-VOLTAGE HEADS,http://www.lbllighting.com/Products/Fixtures/2-Circuit-Monorail/Swing-Head
TWO CIRCUIT MONORAIL LOW-VOLTAGE HEADS,http://www.lbllighting.com/Products/Fixtures/2-Circuit-Monorail/Vent-Head
TWO CIRCUIT MONORAIL LOW-VOLTAGE HEADS,http://www.lbllighting.com/Products/Fixtures/2-Circuit-Monorail/Modo-Head
TWO CIRCUIT MONORAIL LOW-VOLTAGE HEADS,http://www.lbllighting.com/Products/Fixtures/2-Circuit-Monorail/Merlino-Swivel-II-Head
TWO CIRCUIT MONORAIL LOW-VOLTAGE HEADS,http://www.lbllighting.com/Products/Fixtures/2-Circuit-Monorail/Bare-Head-Swivel-II-Head
TWO CIRCUIT MONORAIL LOW-VOLTAGE HEADS,http://www.lbllighting.com/Products/Fixtures/2-Circuit-Monorail/Twin-Spot-Swivel-Head
TWO CIRCUIT MONORAIL LOW-VOLTAGE HEADS,http://www.lbllighting.com/Products/Fixtures/2-Circuit-Monorail/Shield-Swivel-I-Head
TWO CIRCUIT MONORAIL LOW-VOLTAGE HEADS,http://www.lbllighting.com/Products/Fixtures/2-Circuit-Monorail/Bare-Head-Swivel-I-Head
TWO CIRCUIT MONORAIL LOW-VOLTAGE HEADS,http://www.lbllighting.com/Products/Fixtures/2-Circuit-Monorail/Orbit-Swivel-I-Head
TWO CIRCUIT MONORAIL LOW-VOLTAGE HEADS,http://www.lbllighting.com/Products/Fixtures/2-Circuit-Monorail/Rev-Swivel-Head
TWO CIRCUIT MONORAIL LOW-VOLTAGE HEADS,http://www.lbllighting.com/Products/Fixtures/2-Circuit-Monorail/Mini-Dome-I-Swivel-I-Head
TWO CIRCUIT MONORAIL LOW-VOLTAGE HEADS,http://www.lbllighting.com/Products/Fixtures/2-Circuit-Monorail/Apex-Swivel-Head
TWO CIRCUIT MONORAIL LOW-VOLTAGE HEADS,http://www.lbllighting.com/Products/Fixtures/2-Circuit-Monorail/Bare-Head-Apollo-Swivel-I-Head
TWO CIRCUIT MONORAIL LOW-VOLTAGE HEADS,http://www.lbllighting.com/Products/Fixtures/2-Circuit-Monorail/Puck-Swivel-Head
FUSION JACK,http://www.lbllighting.com/Products/Fixtures/Fusion-Jack/FSJ-12v-Track-Adapter-to-fit-Halo-and-Juno
FUSION JACK,http://www.lbllighting.com/Products/Fixtures/Fusion-Jack/FSJ-12v-Track-Adapter-to-fit-Halo-and-Juno-LED
FUSION JACK,http://www.lbllighting.com/Products/Fixtures/Fusion-Jack/FSJ-12v-Track-Adapter-to-fit-Lightolier
FUSION JACK,http://www.lbllighting.com/Products/Fixtures/Fusion-Jack/FSJ-12v-Track-Adapter-to-fit-Lightolier-LED
FUSION JACK,http://www.lbllighting.com/Products/Fixtures/Fusion-Jack/FSJ-Recessed-Can-Adapter-6
FUSION JACK,http://www.lbllighting.com/Products/Fixtures/Fusion-Jack/FSJ-Recessed-Can-Adapter-6-LED
FUSION JACK,http://www.lbllighting.com/Products/Fixtures/Fusion-Jack/Fusion-Jack-1.5-Low-Profile-Canopy
FUSION JACK,http://www.lbllighting.com/Products/Fixtures/Fusion-Jack/Fusion-Jack-4-Round-Dome-Flush-Canopy-w-Vault-Adapter
FUSION JACK,http://www.lbllighting.com/Products/Fixtures/Fusion-Jack/Fusion-Jack-4-Round-Dome-Flush-Canopy-w-Vault-Adapter-LED
FUSION JACK,http://www.lbllighting.com/Products/Fixtures/Fusion-Jack/Fusion-Jack-Canopy-12.75-3-Light-Round
FUSION JACK,http://www.lbllighting.com/Products/Fixtures/Fusion-Jack/Fusion-Jack-Canopy-12.75-3-Light-Round-LED
FUSION JACK,http://www.lbllighting.com/Products/Fixtures/Fusion-Jack/Fusion-Jack-Canopy-2.75-Round
FUSION JACK,http://www.lbllighting.com/Products/Fixtures/Fusion-Jack/Fusion-Jack-Canopy-2.75-Round-LED
FUSION JACK,http://www.lbllighting.com/Products/Fixtures/Fusion-Jack/Fusion-Jack-Canopy-3-Light-Rectangle
FUSION JACK,http://www.lbllighting.com/Products/Fixtures/Fusion-Jack/Fusion-Jack-Canopy-3-Light-Rectangle-LED
FUSION JACK,http://www.lbllighting.com/Products/Fixtures/Fusion-Jack/Fusion-Jack-Canopy-3-Light-Rectangle-Long
FUSION JACK,http://www.lbllighting.com/Products/Fixtures/Fusion-Jack/Fusion-Jack-Canopy-3-Light-Rectangle-Long-LED
FUSION JACK,http://www.lbllighting.com/Products/Fixtures/Fusion-Jack/Fusion-Jack-Canopy-4-Light-Square
FUSION JACK,http://www.lbllighting.com/Products/Fixtures/Fusion-Jack/Fusion-Jack-Canopy-4-Light-Square-LED
FUSION JACK,http://www.lbllighting.com/Products/Fixtures/Fusion-Jack/Fusion-Jack-Canopy-4-Round-Dome
FUSION JACK,http://www.lbllighting.com/Products/Fixtures/Fusion-Jack/Fusion-Jack-Canopy-4-Round-Dome-LED
FUSION JACK,http://www.lbllighting.com/Products/Fixtures/Fusion-Jack/Fusion-Jack-Canopy-4-Round-Flush
FUSION JACK,http://www.lbllighting.com/Products/Fixtures/Fusion-Jack/Fusion-Jack-Canopy-4-Round-Flush-LED
FUSION JACK,http://www.lbllighting.com/Products/Fixtures/Fusion-Jack/Fusion-Jack-Canopy-4-Round-Flush-Wood
FUSION JACK,http://www.lbllighting.com/Products/Fixtures/Fusion-Jack/Fusion-Jack-Canopy-4-Round-Flush-Wood-LED
FUSION JACK,http://www.lbllighting.com/Products/Fixtures/Fusion-Jack/Fusion-Jack-Canopy-4-Square-Flush
FUSION JACK,http://www.lbllighting.com/Products/Fixtures/Fusion-Jack/Fusion-Jack-Canopy-4-Square-Flush-LED
FUSION JACK,http://www.lbllighting.com/Products/Fixtures/Fusion-Jack/Fusion-Jack-Canopy-4-Square-Flush-Wood
FUSION JACK,http://www.lbllighting.com/Products/Fixtures/Fusion-Jack/Fusion-Jack-Canopy-4-Square-Flush-Wood-LED
FUSION JACK,http://www.lbllighting.com/Products/Fixtures/Fusion-Jack/Fusion-Jack-Canopy-5-Light-Round
FUSION JACK,http://www.lbllighting.com/Products/Fixtures/Fusion-Jack/Fusion-Jack-Canopy-5-Light-Round-LED
FUSION JACK,http://www.lbllighting.com/Products/Fixtures/Fusion-Jack/Fusion-Jack-Canopy-7-Light-Round
FUSION JACK,http://www.lbllighting.com/Products/Fixtures/Fusion-Jack/Fusion-Jack-Canopy-7-Light-Round-LED
FUSION JACK,http://www.lbllighting.com/Products/Fixtures/Fusion-Jack/Fusion-Jack-Male-Coaxial-Adapter
FUSION JACK,http://www.lbllighting.com/Products/Fixtures/Fusion-Jack/Masonary-Screw
FUSION JACK,http://www.lbllighting.com/Products/Fixtures/Fusion-Jack/Monorail-Remote-Electronic-Transformer-150w-120v-12v-DC
FUSION JACK,http://www.lbllighting.com/Products/Fixtures/Fusion-Jack/Monorail-Remote-Electronic-Transformer-300w-120v-12v-DC
FUSION JACK,http://www.lbllighting.com/Products/Fixtures/Fusion-Jack/Monorail-Remote-Magnetic-Transformer-150w-120v-12v
FUSION JACK,http://www.lbllighting.com/Products/Fixtures/Fusion-Jack/Monorail-Remote-Magnetic-Transformer-150w-277v-12v
FUSION JACK,http://www.lbllighting.com/Products/Fixtures/Fusion-Jack/Monorail-Remote-Magnetic-Transformer-300w-120v-12v
FUSION JACK,http://www.lbllighting.com/Products/Fixtures/Fusion-Jack/Monorail-Remote-Magnetic-Transformer-300w-120v-24v
FUSION JACK,http://www.lbllighting.com/Products/Fixtures/Fusion-Jack/Monorail-Remote-Magnetic-Transformer-300w-277v-12v
FUSION JACK,http://www.lbllighting.com/Products/Fixtures/Fusion-Jack/Monorail-Remote-Magnetic-Transformer-600w-120v-12v
FUSION JACK,http://www.lbllighting.com/Products/Fixtures/Fusion-Jack/Monorail-Remote-Magnetic-Transformer-600w-120v-24v
FUSION JACK,http://www.lbllighting.com/Products/Fixtures/Fusion-Jack/Monorail-Remote-Magnetic-Transformer-600w-277v-12v
FUSION JACK,http://www.lbllighting.com/Products/Fixtures/Fusion-Jack/Monorail-Remote-Magnetic-Transformer-75w-120v-12v
FUSION JACK,http://www.lbllighting.com/Products/Fixtures/Fusion-Jack/Monorail-Remote-Magnetic-Transformer-75w-277v-12v
FUSION JACK LOW-VOLTAGE PENDANTS,http://www.lbllighting.com/Products/Fixtures/Fusion-Jack/Adara-Pendant
FUSION JACK LOW-VOLTAGE PENDANTS,http://www.lbllighting.com/Products/Fixtures/Fusion-Jack/Mini-Signal-Pendant
FUSION JACK LOW-VOLTAGE PENDANTS,http://www.lbllighting.com/Products/Fixtures/Fusion-Jack/Mini-Zuri-Pendant
FUSION JACK LOW-VOLTAGE PENDANTS,http://www.lbllighting.com/Products/Fixtures/Fusion-Jack/Sphere-Low-Voltage-Pendant
FUSION JACK LOW-VOLTAGE PENDANTS,http://www.lbllighting.com/Products/Fixtures/Fusion-Jack/Trista-Pendant
FUSION JACK LOW-VOLTAGE PENDANTS,http://www.lbllighting.com/Products/Fixtures/Fusion-Jack/Dolly-Pendant
FUSION JACK LOW-VOLTAGE PENDANTS,http://www.lbllighting.com/Products/Fixtures/Fusion-Jack/Mademoiselle-No.-1-Pendant
FUSION JACK LOW-VOLTAGE PENDANTS,http://www.lbllighting.com/Products/Fixtures/Fusion-Jack/Mademoiselle-No.-2-Pendant
FUSION JACK LOW-VOLTAGE PENDANTS,http://www.lbllighting.com/Products/Fixtures/Fusion-Jack/Mini-Dia-Pendant
FUSION JACK LOW-VOLTAGE PENDANTS,http://www.lbllighting.com/Products/Fixtures/Fusion-Jack/Dia-Pendant
FUSION JACK LOW-VOLTAGE PENDANTS,http://www.lbllighting.com/Products/Fixtures/Fusion-Jack/Izzy-Pendant
FUSION JACK LOW-VOLTAGE PENDANTS,http://www.lbllighting.com/Products/Fixtures/Fusion-Jack/Mini-Vera-Pendant
FUSION JACK LOW-VOLTAGE PENDANTS,http://www.lbllighting.com/Products/Fixtures/Fusion-Jack/Paige-Pendant
FUSION JACK LOW-VOLTAGE PENDANTS,http://www.lbllighting.com/Products/Fixtures/Fusion-Jack/Mini-Akari-Pendant
FUSION JACK LOW-VOLTAGE PENDANTS,http://www.lbllighting.com/Products/Fixtures/Fusion-Jack/Monaco-Pendant
FUSION JACK LOW-VOLTAGE PENDANTS,http://www.lbllighting.com/Products/Fixtures/Fusion-Jack/Corinna-Pendant
FUSION JACK LOW-VOLTAGE PENDANTS,http://www.lbllighting.com/Products/Fixtures/Fusion-Jack/Luxa-Pendant
FUSION JACK LOW-VOLTAGE PENDANTS,http://www.lbllighting.com/Products/Fixtures/Fusion-Jack/Lexum-Pendant
FUSION JACK LOW-VOLTAGE PENDANTS,http://www.lbllighting.com/Products/Fixtures/Fusion-Jack/Arik-Pendant
FUSION JACK LOW-VOLTAGE PENDANTS,http://www.lbllighting.com/Products/Fixtures/Fusion-Jack/Vigi-Pendant
FUSION JACK LOW-VOLTAGE PENDANTS,http://www.lbllighting.com/Products/Fixtures/Fusion-Jack/Mini-Rhythm-Pendant
FUSION JACK LOW-VOLTAGE PENDANTS,http://www.lbllighting.com/Products/Fixtures/Fusion-Jack/Mini-Olivia-Pendant
FUSION JACK LOW-VOLTAGE PENDANTS,http://www.lbllighting.com/Products/Fixtures/Fusion-Jack/Bonn-Pendant
FUSION JACK LOW-VOLTAGE PENDANTS,http://www.lbllighting.com/Products/Fixtures/Fusion-Jack/Briolette-Pendant
FUSION JACK LOW-VOLTAGE PENDANTS,http://www.lbllighting.com/Products/Fixtures/Fusion-Jack/Mini-Isis-Cylinder-Pendant
FUSION JACK LOW-VOLTAGE PENDANTS,http://www.lbllighting.com/Products/Fixtures/Fusion-Jack/Mini-Rock-Candy-Cylinder-Pendant
FUSION JACK LOW-VOLTAGE PENDANTS,http://www.lbllighting.com/Products/Fixtures/Fusion-Jack/Horizon-Pendant
FUSION JACK LOW-VOLTAGE PENDANTS,http://www.lbllighting.com/Products/Fixtures/Fusion-Jack/Zollo-Pendant
FUSION JACK LOW-VOLTAGE PENDANTS,http://www.lbllighting.com/Products/Fixtures/Fusion-Jack/Mini-Rock-Candy-Round-Pendant
FUSION JACK LOW-VOLTAGE PENDANTS,http://www.lbllighting.com/Products/Fixtures/Fusion-Jack/Chill-Pendant
FUSION JACK LOW-VOLTAGE PENDANTS,http://www.lbllighting.com/Products/Fixtures/Fusion-Jack/Mini-Isla-Pendant
FUSION JACK LOW-VOLTAGE PENDANTS,http://www.lbllighting.com/Products/Fixtures/Fusion-Jack/Seguro-Pendant
FUSION JACK LOW-VOLTAGE PENDANTS,http://www.lbllighting.com/Products/Fixtures/Fusion-Jack/Relic-No.-1-Pendant
FUSION JACK LOW-VOLTAGE PENDANTS,http://www.lbllighting.com/Products/Fixtures/Fusion-Jack/Relic-No.-2-Pendant
FUSION JACK LOW-VOLTAGE PENDANTS,http://www.lbllighting.com/Products/Fixtures/Fusion-Jack/Cypree-Pendant-Small
FUSION JACK LOW-VOLTAGE PENDANTS,http://www.lbllighting.com/Products/Fixtures/Fusion-Jack/Cypree-Pendant-Large
FUSION JACK LOW-VOLTAGE PENDANTS,http://www.lbllighting.com/Products/Fixtures/Fusion-Jack/Mini-Pavia-Pendant
FUSION JACK LOW-VOLTAGE PENDANTS,http://www.lbllighting.com/Products/Fixtures/Fusion-Jack/Mini-Aiko-Pendant
FUSION JACK LOW-VOLTAGE PENDANTS,http://www.lbllighting.com/Products/Fixtures/Fusion-Jack/Mini-Mason-Pendant
FUSION JACK LOW-VOLTAGE PENDANTS,http://www.lbllighting.com/Products/Fixtures/Fusion-Jack/Mini-Jasper-Pendant
FUSION JACK LOW-VOLTAGE PENDANTS,http://www.lbllighting.com/Products/Fixtures/Fusion-Jack/Cylia-Pendant
FUSION JACK LOW-VOLTAGE PENDANTS,http://www.lbllighting.com/Products/Fixtures/Fusion-Jack/Aquarii-Pendant
FUSION JACK LOW-VOLTAGE PENDANTS,http://www.lbllighting.com/Products/Fixtures/Fusion-Jack/Emi-Pendant
FUSION JACK LOW-VOLTAGE PENDANTS,http://www.lbllighting.com/Products/Fixtures/Fusion-Jack/Rio-Pendant
FUSION JACK LOW-VOLTAGE PENDANTS,http://www.lbllighting.com/Products/Fixtures/Fusion-Jack/Mini-Dahling-Pendant
FUSION JACK LOW-VOLTAGE PENDANTS,http://www.lbllighting.com/Products/Fixtures/Fusion-Jack/Dahling-Pendant
FUSION JACK LOW-VOLTAGE PENDANTS,http://www.lbllighting.com/Products/Fixtures/Fusion-Jack/Mini-Springview-Pendant
FUSION JACK LOW-VOLTAGE PENDANTS,http://www.lbllighting.com/Products/Fixtures/Fusion-Jack/Springview-Pendant
FUSION JACK LOW-VOLTAGE PENDANTS,http://www.lbllighting.com/Products/Fixtures/Fusion-Jack/Lily-Pendant
FUSION JACK LOW-VOLTAGE PENDANTS,http://www.lbllighting.com/Products/Fixtures/Fusion-Jack/Mini-Lily-Pendant
FUSION JACK LOW-VOLTAGE PENDANTS,http://www.lbllighting.com/Products/Fixtures/Fusion-Jack/Neutron-Pendant
FUSION JACK LOW-VOLTAGE PENDANTS,http://www.lbllighting.com/Products/Fixtures/Fusion-Jack/Top-SI-Coax-Pendant
FUSION JACK LOW-VOLTAGE PENDANTS,http://www.lbllighting.com/Products/Fixtures/Fusion-Jack/Rocks-Pendant
FUSION JACK LOW-VOLTAGE PENDANTS,http://www.lbllighting.com/Products/Fixtures/Fusion-Jack/Bling-Pendant
FUSION JACK LOW-VOLTAGE PENDANTS,http://www.lbllighting.com/Products/Fixtures/Fusion-Jack/Dimensions-Pendant
FUSION JACK LOW-VOLTAGE PENDANTS,http://www.lbllighting.com/Products/Fixtures/Fusion-Jack/Vision-Pendant
FUSION JACK LOW-VOLTAGE PENDANTS,http://www.lbllighting.com/Products/Fixtures/Fusion-Jack/Celeste-Pendant
FUSION JACK LOW-VOLTAGE PENDANTS,http://www.lbllighting.com/Products/Fixtures/Fusion-Jack/Icicle-Pendant
FUSION JACK LOW-VOLTAGE PENDANTS,http://www.lbllighting.com/Products/Fixtures/Fusion-Jack/Sam-Pendant
FUSION JACK LOW-VOLTAGE PENDANTS,http://www.lbllighting.com/Products/Fixtures/Fusion-Jack/Renee-I-Pendant
FUSION JACK LOW-VOLTAGE PENDANTS,http://www.lbllighting.com/Products/Fixtures/Fusion-Jack/Tubular-Pendant
FUSION JACK LOW-VOLTAGE PENDANTS,http://www.lbllighting.com/Products/Fixtures/Fusion-Jack/Rachel-Pendant
FUSION JACK LOW-VOLTAGE PENDANTS,http://www.lbllighting.com/Products/Fixtures/Fusion-Jack/Coliseum-Pendant
FUSION JACK LOW-VOLTAGE PENDANTS,http://www.lbllighting.com/Products/Fixtures/Fusion-Jack/Flute-Pendant
FUSION JACK LOW-VOLTAGE PENDANTS,http://www.lbllighting.com/Products/Fixtures/Fusion-Jack/Onyx-Cone-Pendant
FUSION JACK LOW-VOLTAGE PENDANTS,http://www.lbllighting.com/Products/Fixtures/Fusion-Jack/Onyx-Cylinder-Pendant
FUSION JACK LOW-VOLTAGE PENDANTS,http://www.lbllighting.com/Products/Fixtures/Fusion-Jack/Onyx-Dome-Pendant
FUSION JACK LOW-VOLTAGE PENDANTS,http://www.lbllighting.com/Products/Fixtures/Fusion-Jack/Onyx-Teardrop-Pendant
FUSION JACK LOW-VOLTAGE PENDANTS,http://www.lbllighting.com/Products/Fixtures/Fusion-Jack/Banja-Pendant
FUSION JACK LOW-VOLTAGE PENDANTS,http://www.lbllighting.com/Products/Fixtures/Fusion-Jack/Tear-SI-Coax-Pendant
FUSION JACK LOW-VOLTAGE PENDANTS,http://www.lbllighting.com/Products/Fixtures/Fusion-Jack/Tear-SII-Coax-Pendant
FUSION JACK LOW-VOLTAGE PENDANTS,http://www.lbllighting.com/Products/Fixtures/Fusion-Jack/Sophia-Coax-Pendant
FUSION JACK LOW-VOLTAGE PENDANTS,http://www.lbllighting.com/Products/Fixtures/Fusion-Jack/Orbit-Pendant
FUSION JACK LOW-VOLTAGE PENDANTS,http://www.lbllighting.com/Products/Fixtures/Fusion-Jack/Mini-Dome-II-Pendant
FUSION JACK LOW-VOLTAGE PENDANTS,http://www.lbllighting.com/Products/Fixtures/Fusion-Jack/Dome-SI-Coax-Pendant
FUSION JACK LOW-VOLTAGE PENDANTS,http://www.lbllighting.com/Products/Fixtures/Fusion-Jack/Mango-Nuage-Coax
FUSION JACK LOW-VOLTAGE PENDANTS,http://www.lbllighting.com/Products/Fixtures/Fusion-Jack/Mini-Indulgent-Pendant
FUSION JACK LOW-VOLTAGE PENDANTS,http://www.lbllighting.com/Products/Fixtures/Fusion-Jack/Paperweight-Pendant
FUSION JACK LOW-VOLTAGE PENDANTS,http://www.lbllighting.com/Products/Fixtures/Fusion-Jack/Bulle-Pendant
FUSION JACK LOW-VOLTAGE PENDANTS,http://www.lbllighting.com/Products/Fixtures/Fusion-Jack/Mini-Veneto-Pendant
FUSION JACK LOW-VOLTAGE PENDANTS,http://www.lbllighting.com/Products/Fixtures/Fusion-Jack/Jelly-Pendant
FUSION JACK LOW-VOLTAGE PENDANTS,http://www.lbllighting.com/Products/Fixtures/Fusion-Jack/Neptune-I-Pendant
FUSION JACK LOW-VOLTAGE PENDANTS,http://www.lbllighting.com/Products/Fixtures/Fusion-Jack/Mini-Monty-Pendant
FUSION JACK LOW-VOLTAGE PENDANTS,http://www.lbllighting.com/Products/Fixtures/Fusion-Jack/Cone-III-Pendant
FUSION JACK LOW-VOLTAGE PENDANTS,http://www.lbllighting.com/Products/Fixtures/Fusion-Jack/Finestra-Pendant
FUSION JACK LOW-VOLTAGE PENDANTS,http://www.lbllighting.com/Products/Fixtures/Fusion-Jack/Max-Pendant
FUSION JACK LOW-VOLTAGE PENDANTS,http://www.lbllighting.com/Products/Fixtures/Fusion-Jack/Abbey-Pendant
FUSION JACK LOW-VOLTAGE PENDANTS,http://www.lbllighting.com/Products/Fixtures/Fusion-Jack/Madeleine-Pendant
FUSION JACK LOW-VOLTAGE PENDANTS,http://www.lbllighting.com/Products/Fixtures/Fusion-Jack/Flow-Pendant
FUSION JACK LOW-VOLTAGE PENDANTS,http://www.lbllighting.com/Products/Fixtures/Fusion-Jack/Vortex-Pendant
FUSION JACK LOW-VOLTAGE PENDANTS,http://www.lbllighting.com/Products/Fixtures/Fusion-Jack/Gelato-Pendant
FUSION JACK LOW-VOLTAGE PENDANTS,http://www.lbllighting.com/Products/Fixtures/Fusion-Jack/Ooni-Pendant
FUSION JACK LOW-VOLTAGE PENDANTS,http://www.lbllighting.com/Products/Fixtures/Fusion-Jack/Crystal-Ball-Pendant
FUSION JACK LOW-VOLTAGE PENDANTS,http://www.lbllighting.com/Products/Fixtures/Fusion-Jack/Rocket-Pendant
FUSION JACK LOW-VOLTAGE PENDANTS,http://www.lbllighting.com/Products/Fixtures/Fusion-Jack/Hover-Pendant
FUSION JACK LOW-VOLTAGE HEADS,http://www.lbllighting.com/Products/Fixtures/Fusion-Jack/Auri-Head
FUSION JACK LOW-VOLTAGE HEADS,http://www.lbllighting.com/Products/Fixtures/Fusion-Jack/Swing-Head
FUSION JACK LOW-VOLTAGE HEADS,http://www.lbllighting.com/Products/Fixtures/Fusion-Jack/Vent-Head
FUSION JACK LOW-VOLTAGE HEADS,http://www.lbllighting.com/Products/Fixtures/Fusion-Jack/Modo-Head
FUSION JACK LOW-VOLTAGE HEADS,http://www.lbllighting.com/Products/Fixtures/Fusion-Jack/Merlino-Swivel-II-Head
FUSION JACK LOW-VOLTAGE HEADS,http://www.lbllighting.com/Products/Fixtures/Fusion-Jack/Bare-Head-Swivel-II-Head
FUSION JACK LOW-VOLTAGE HEADS,http://www.lbllighting.com/Products/Fixtures/Fusion-Jack/Twin-Spot-Swivel-Head
FUSION JACK LOW-VOLTAGE HEADS,http://www.lbllighting.com/Products/Fixtures/Fusion-Jack/Shield-Swivel-I-Head
FUSION JACK LOW-VOLTAGE HEADS,http://www.lbllighting.com/Products/Fixtures/Fusion-Jack/Bare-Head-Swivel-I-Head
FUSION JACK LOW-VOLTAGE HEADS,http://www.lbllighting.com/Products/Fixtures/Fusion-Jack/Orbit-Swivel-I-Head
FUSION JACK LOW-VOLTAGE HEADS,http://www.lbllighting.com/Products/Fixtures/Fusion-Jack/Rev-Swivel-Head
FUSION JACK LOW-VOLTAGE HEADS,http://www.lbllighting.com/Products/Fixtures/Fusion-Jack/Mini-Dome-I-Swivel-I-Head
FUSION JACK LOW-VOLTAGE HEADS,http://www.lbllighting.com/Products/Fixtures/Fusion-Jack/Apex-Swivel-Head
FUSION JACK LOW-VOLTAGE HEADS,http://www.lbllighting.com/Products/Fixtures/Fusion-Jack/Bare-Head-Apollo-Swivel-I-Head
FUSION JACK LOW-VOLTAGE HEADS,http://www.lbllighting.com/Products/Fixtures/Fusion-Jack/Puck-Swivel-Head
ACCESSORIES,http://www.lbllighting.com/Products/Fixtures/Accessories/Debuzzing-Dimming-Coil
ACCESSORIES,http://www.lbllighting.com/Products/Fixtures/Accessories/Flite-Paper
ACCESSORIES,http://www.lbllighting.com/Products/Fixtures/Accessories/Fusion-Jack-Swag-Hook
ACCESSORIES,http://www.lbllighting.com/Products/Fixtures/Accessories/Lens-Clip-Single-Dichroic
ACCESSORIES,http://www.lbllighting.com/Products/Fixtures/Accessories/Lens-Clip-Single-Frost-Diffuser
ACCESSORIES,http://www.lbllighting.com/Products/Fixtures/Accessories/Lens-Clip-Single-Grid-Diffuser
ACCESSORIES,http://www.lbllighting.com/Products/Fixtures/Accessories/Lens-Clip-Single-Stripe-Diffuser
ACCESSORIES,http://www.lbllighting.com/Products/Fixtures/Accessories/Lens-Clip-Single-Structure-Louver
ACCESSORIES,http://www.lbllighting.com/Products/Fixtures/Accessories/Lens-Dichroic
ACCESSORIES,http://www.lbllighting.com/Products/Fixtures/Accessories/Lens-Diffuser
ACCESSORIES,http://www.lbllighting.com/Products/Fixtures/Accessories/Lens-Linear-Spread
ACCESSORIES,http://www.lbllighting.com/Products/Fixtures/Accessories/Lens-Soft-focus
ACCESSORIES,http://www.lbllighting.com/Products/Fixtures/Accessories/Louver-Lens-Holder-MR16
ACCESSORIES,http://www.lbllighting.com/Products/Fixtures/Accessories/Metal-Dome-Modo-Accessory
ACCESSORIES,http://www.lbllighting.com/Products/Fixtures/Accessories/Mini-Rock-Candy-Accessory
ACCESSORIES,http://www.lbllighting.com/Products/Fixtures/Accessories/Modo-Glass-Shield-Accessory
ACCESSORIES,http://www.lbllighting.com/Products/Fixtures/Accessories/Onyx-Cone-Accessory
ACCESSORIES,http://www.lbllighting.com/Products/Fixtures/Accessories/Sigma-Accessory
ACCESSORIES,http://www.lbllighting.com/Products/Fixtures/Accessories/SORAA%C2%AE-LED-Bi-Pin-Replacement-Pendant-Module-LBL
ACCESSORIES,http://www.lbllighting.com/Products/Fixtures/Accessories/Structure-Louver
ACCESSORIES,http://www.lbllighting.com/Products/Fixtures/Accessories/Suspension-Swag-Hook
ACCESSORIES,http://www.lbllighting.com/Products/Fixtures/Accessories/Voti-Accessory
